questao_numero,retrieval_recall,has_doc_ref,abstained,z_winner,i_star,eta,z_agent_qwen35_9b,z_agent_granite41_8b,z_agent_gemma4_e4b,confidence_raw_qwen35_9b,confidence_raw_granite41_8b,confidence_raw_gemma4_e4b,confidence_calib_qwen35_9b,confidence_calib_granite41_8b,confidence_calib_gemma4_e4b,fold_k
1,0.14285714285714285,True,False,0,qwen35_9b,0.839093137254902,0,1,1,1.0,0.98,1.0,0.5416666666666666,0.3230769230769231,0.41975308641975306,1
2,1.0,True,False,1,qwen35_9b,0.8289181532807595,1,0,0,1.0,0.98,1.0,0.5540540540540541,0.35555555555555557,0.43902439024390244,6
3,1.0,True,False,0,gemma4_e4b,0.832572298325723,0,0,0,0.75,0.98,1.0,0.06,0.3712121212121212,0.45267489711934156,9
4,1.0,True,False,0,granite41_8b,0.8926244343891403,0,0,0,0.95,0.98,0.8,0.21851851851851853,0.3230769230769231,0.09090909090909091,1
5,1.0,True,True,0,granite41_8b,0.9799539927702925,0,0,0,0.1,0.2,0.1,0.0,0.058823529411764705,0.0,3
6,0.5,True,False,0,qwen35_9b,0.929439780783785,0,1,1,0.95,0.95,0.8,0.22743682310469315,0.20425531914893616,0.05555555555555555,4
7,0.6666666666666666,True,True,0,granite41_8b,0.9785200635058992,0,0,0,0.3,0.92,0.1,0.0,0.06593406593406594,0.0,0
8,1.0,True,False,0,qwen35_9b,0.84061004784689,0,0,0,1.0,0.85,0.7,0.5394736842105263,0.08450704225352113,0.0851063829787234,7
9,0.0,True,False,1,granite41_8b,0.8926244343891403,1,1,0,0.95,0.98,0.95,0.21851851851851853,0.3230769230769231,0.16666666666666666,1
10,1.0,True,False,0,granite41_8b,0.9334578988608282,0,0,0,0.6,0.95,0.9,0.0,0.20425531914893616,0.15178571428571427,5
11,0.0,True,False,1,granite41_8b,0.9334578988608282,1,1,0,0.8,0.95,0.95,0.04081632653061224,0.20425531914893616,0.15178571428571427,0
12,0.3333333333333333,True,False,0,gemma4_e4b,0.8444444444444444,0,0,0,0.95,0.95,1.0,0.21851851851851853,0.21030042918454936,0.41975308641975306,1
13,0.3333333333333333,True,False,1,gemma4_e4b,0.8444444444444444,1,1,1,0.95,0.98,1.0,0.21851851851851853,0.3230769230769231,0.41975308641975306,1
14,0.6666666666666666,True,False,0,gemma4_e4b,0.832572298325723,1,0,0,1.0,0.98,1.0,0.52,0.3712121212121212,0.45267489711934156,9
15,1.0,True,False,0,qwen35_9b,0.8289181532807595,0,0,1,1.0,0.95,1.0,0.5540540540540541,0.20425531914893616,0.43902439024390244,6
16,1.0,True,False,0,granite41_8b,0.9306372670193306,0,0,0,0.3,0.95,0.3,0.0,0.20353982300884957,0.0,3
17,0.0,True,False,0,granite41_8b,0.9334578988608282,0,0,0,0.0,0.95,0.9,0.0,0.20425531914893616,0.15178571428571427,0
18,0.0,True,False,1,granite41_8b,0.9306372670193306,0,1,0,0.2,0.95,0.3,0.0,0.20353982300884957,0.0,3
19,,False,False,0,qwen35_9b,0.8385210803689065,0,0,0,1.0,0.95,0.3,0.5362318840579711,0.2079646017699115,0.0,8
20,0.0,True,False,0,qwen35_9b,0.8485255639629447,0,0,0,1.0,0.98,0.8,0.5316455696202531,0.3851851851851852,0.08888888888888889,3
21,1.0,True,False,1,granite41_8b,0.8199754901960784,0,1,1,1.0,1.0,1.0,0.5416666666666666,0.5416666666666666,0.41975308641975306,1
22,1.0,True,False,0,qwen35_9b,0.9266920741027574,0,0,0,0.95,0.95,0.9,0.23741007194244604,0.20425531914893616,0.15178571428571427,0
23,0.0,True,False,0,qwen35_9b,0.9264736405147365,0,0,0,0.95,0.95,0.6,0.24621212121212122,0.2076271186440678,0.07142857142857142,9
24,0.5,True,False,0,qwen35_9b,0.8385210803689065,0,1,0,1.0,0.98,1.0,0.5362318840579711,0.375,0.42016806722689076,8
25,0.0,True,False,1,granite41_8b,0.9311701880659392,0,1,0,0.85,0.95,0.7,0.06,0.2076271186440678,0.07142857142857142,9
26,1.0,True,False,0,granite41_8b,0.9334578988608282,0,0,0,0.0,0.95,0.9,0.0,0.20425531914893616,0.15178571428571427,6
27,0.5,True,False,0,qwen35_9b,0.9280868385345997,0,0,0,0.95,0.95,0.9,0.23880597014925373,0.2079646017699115,0.14545454545454545,8
28,0.5,True,False,0,qwen35_9b,0.839093137254902,0,0,0,1.0,0.95,1.0,0.5416666666666666,0.21030042918454936,0.41975308641975306,1
29,0.5,True,False,0,qwen35_9b,0.8350095785440612,0,1,0,1.0,0.98,1.0,0.5416666666666666,0.35294117647058826,0.4251012145748988,2
30,0.5,True,False,0,gemma4_e4b,0.832572298325723,0,0,0,1.0,0.98,1.0,0.52,0.3712121212121212,0.45267489711934156,9
31,0.5,True,False,0,granite41_8b,0.8035714285714286,1,0,1,1.0,0.99,1.0,0.5394736842105263,0.5714285714285714,0.4322033898305085,7
32,,False,False,0,granite41_8b,0.9306372670193306,0,0,0,0.0,0.95,0.1,0.0,0.20353982300884957,0.0,3
33,,False,True,0,granite41_8b,0.9694664744051911,0,0,0,0.3,0.85,0.1,0.0,0.09210526315789473,0.0,9
34,,False,True,0,gemma4_e4b,1.0,0,0,0,0.0,0.0,0.0,0.0,0.0,0.0,9
35,,False,False,0,gemma4_e4b,0.8444444444444444,0,0,0,0.95,0.95,1.0,0.21851851851851853,0.21030042918454936,0.41975308641975306,1
36,,False,False,0,granite41_8b,0.9311701880659392,0,0,0,0.9,0.95,0.9,0.2222222222222222,0.2076271186440678,0.17543859649122806,9
37,1.0,True,False,0,gemma4_e4b,0.832572298325723,0,0,0,0.95,0.0,1.0,0.24621212121212122,0.0,0.45267489711934156,9
38,1.0,True,False,1,gemma4_e4b,0.8424193773558565,0,1,1,0.95,0.98,1.0,0.23272727272727273,0.35294117647058826,0.4251012145748988,2
39,1.0,True,False,0,granite41_8b,0.8926244343891403,0,0,0,0.95,0.98,0.9,0.21851851851851853,0.3230769230769231,0.16666666666666666,1
40,1.0,True,False,1,qwen35_9b,0.8383251315119633,1,1,1,1.0,0.98,1.0,0.5211267605633803,0.3458646616541353,0.4066390041493776,4
41,1.0,True,True,1,qwen35_9b,0.9392458100558659,1,0,0,0.9,0.1,0.1,0.21323529411764705,0.0,0.0,3
42,0.0,True,True,0,gemma4_e4b,0.9327330508474576,0,0,0,0.95,0.92,0.95,0.22676579925650558,0.08450704225352113,0.1864406779661017,7
43,0.0,True,False,0,gemma4_e4b,0.927185960591133,0,0,0,0.95,0.92,0.95,0.23272727272727273,0.08974358974358974,0.19642857142857142,2
44,0.0,True,False,0,gemma4_e4b,0.8507925897631781,0,0,0,0.95,0.95,1.0,0.23880597014925373,0.2079646017699115,0.42016806722689076,8
45,0.0,True,False,0,granite41_8b,0.8743003731343284,0,0,0,0.9,0.98,0.95,0.22676579925650558,0.3656716417910448,0.1864406779661017,7
46,0.0,True,False,0,gemma4_e4b,0.8566964955256711,0,0,0,0.95,0.98,1.0,0.22743682310469315,0.3458646616541353,0.4066390041493776,4
47,0.0,True,False,0,granite41_8b,0.9334578988608282,0,0,0,0.85,0.95,0.1,0.04081632653061224,0.20425531914893616,0.0,6
48,0.0,True,False,0,qwen35_9b,0.9266920741027574,0,0,0,0.9,0.92,0.9,0.23741007194244604,0.06593406593406594,0.15178571428571427,0
49,,False,False,0,gemma4_e4b,0.9238708455638671,0,0,0,0.95,0.92,0.95,0.21323529411764705,0.09876543209876543,0.2033898305084746,3
50,0.0,True,False,0,granite41_8b,0.9285121681415929,0,0,0,0.85,0.95,0.95,0.057692307692307696,0.2079646017699115,0.19672131147540983,8
51,1.0,True,False,1,granite41_8b,0.9311701880659392,1,1,0,0.9,0.95,0.6,0.2222222222222222,0.2076271186440678,0.07142857142857142,9
52,0.0,True,False,0,granite41_8b,0.9334578988608282,0,0,0,0.65,0.95,0.3,0.04081632653061224,0.20425531914893616,0.0,0
53,0.6666666666666666,True,False,0,gemma4_e4b,0.8350017101812792,0,0,0,0.95,0.95,1.0,0.21323529411764705,0.20353982300884957,0.44081632653061226,3
54,,False,False,1,granite41_8b,0.9334578988608282,1,1,0,0.75,0.95,0.1,0.04081632653061224,0.20425531914893616,0.0,6
55,0.3333333333333333,True,False,0,gemma4_e4b,0.8440629815100154,0,0,0,0.95,0.95,1.0,0.22676579925650558,0.22746781115879827,0.4322033898305085,7
56,,False,False,1,qwen35_9b,0.8289181532807595,1,1,1,1.0,0.98,1.0,0.5540540540540541,0.35555555555555557,0.43902439024390244,0
57,0.5,True,False,0,gemma4_e4b,0.8444444444444444,0,0,0,0.95,0.98,1.0,0.21851851851851853,0.3230769230769231,0.41975308641975306,1
58,1.0,True,False,1,gemma4_e4b,0.8444444444444444,0,1,1,0.95,0.95,1.0,0.21851851851851853,0.21030042918454936,0.41975308641975306,1
59,0.0,True,True,0,granite41_8b,0.9651898734177216,0,0,0,0.3,0.75,0.8,0.0,0.10126582278481013,0.08620689655172414,8
60,,False,True,0,granite41_8b,0.9651898734177216,0,0,0,0.2,0.92,0.2,0.0,0.10126582278481013,0.0,8
61,0.0,True,False,0,granite41_8b,0.9310945911304793,0,0,0,0.5,0.95,0.1,0.0,0.20425531914893616,0.0,4
62,0.5,True,False,0,gemma4_e4b,0.8566964955256711,0,0,0,0.95,0.98,1.0,0.22743682310469315,0.3458646616541353,0.4066390041493776,4
63,0.6666666666666666,True,False,0,granite41_8b,0.8926244343891403,1,0,0,0.95,0.98,0.95,0.21851851851851853,0.3230769230769231,0.16666666666666666,1
64,0.0,True,False,0,gemma4_e4b,0.832572298325723,0,0,0,0.95,0.95,1.0,0.24621212121212122,0.2076271186440678,0.45267489711934156,9
65,0.0,True,False,0,granite41_8b,0.9311701880659392,0,0,0,0.1,0.95,0.1,0.0,0.2076271186440678,0.0,9
66,0.0,True,False,0,qwen35_9b,0.9266920741027574,0,0,0,0.95,0.95,0.95,0.23741007194244604,0.20425531914893616,0.15178571428571427,5
67,,False,False,0,granite41_8b,0.9334578988608282,0,0,0,0.6,0.95,0.2,0.0,0.20425531914893616,0.0,6
68,0.3333333333333333,True,False,0,gemma4_e4b,0.8350017101812792,0,0,0,0.95,0.98,1.0,0.21323529411764705,0.3851851851851852,0.44081632653061226,3
69,0.6666666666666666,True,False,0,granite41_8b,0.8853955375253549,0,0,0,0.85,0.98,0.95,0.061224489795918366,0.35294117647058826,0.19642857142857142,2
70,1.0,True,False,0,gemma4_e4b,0.8424193773558565,0,0,0,0.95,0.98,1.0,0.23272727272727273,0.35294117647058826,0.4251012145748988,2
71,,False,True,1,granite41_8b,0.936744290192566,0,1,0,0.3,0.95,0.6,0.0,0.19480519480519481,0.08771929824561403,2
72,,False,False,0,gemma4_e4b,0.8395633248117184,0,0,0,0.95,0.95,1.0,0.23741007194244604,0.20425531914893616,0.43902439024390244,6
73,,False,False,0,gemma4_e4b,0.832572298325723,0,0,0,0.95,0.95,1.0,0.24621212121212122,0.2076271186440678,0.45267489711934156,9
74,1.0,True,False,0,gemma4_e4b,0.9238708455638671,0,0,0,0.95,0.92,0.95,0.21323529411764705,0.09876543209876543,0.2033898305084746,3
75,0.0,True,True,0,qwen35_9b,0.9350871459694989,0,0,0,0.95,0.92,0.8,0.21851851851851853,0.10526315789473684,0.09090909090909091,1
76,0.0,True,False,0,gemma4_e4b,0.8424193773558565,0,0,0,0.95,0.95,1.0,0.23272727272727273,0.19480519480519481,0.4251012145748988,2
77,,False,False,0,gemma4_e4b,0.8424193773558565,0,0,0,0.95,0.95,1.0,0.23272727272727273,0.19480519480519481,0.4251012145748988,2
78,0.0,True,True,0,granite41_8b,0.9785200635058992,0,0,0,0.1,0.2,0.3,0.0,0.06593406593406594,0.0,5
79,0.16666666666666666,True,False,0,qwen35_9b,0.9280868385345997,0,0,0,0.95,0.95,0.95,0.23880597014925373,0.2079646017699115,0.19672131147540983,8
80,,False,True,0,granite41_8b,0.9709507042253521,0,0,0,0.3,0.92,0.2,0.0,0.08450704225352113,0.0,7
81,0.0,True,False,0,qwen35_9b,0.9264736405147365,0,0,0,0.95,0.95,0.95,0.24621212121212122,0.2076271186440678,0.1896551724137931,9
82,0.0,True,False,0,granite41_8b,0.9301060338298409,0,0,0,0.95,0.95,0.95,0.21851851851851853,0.21030042918454936,0.16666666666666666,1
83,,False,False,0,qwen35_9b,0.929439780783785,0,0,0,0.95,0.92,0.95,0.22743682310469315,0.09090909090909091,0.15254237288135594,4
84,,False,False,0,granite41_8b,0.9218079399141631,0,0,0,0.95,0.95,0.1,0.22676579925650558,0.22746781115879827,0.0,7
85,,False,True,0,granite41_8b,0.9694664744051911,0,0,0,0.2,0.92,0.5,0.0,0.09210526315789473,0.07142857142857142,9
86,,False,False,0,qwen35_9b,0.9280868385345997,0,0,0,0.95,0.92,0.95,0.23880597014925373,0.10126582278481013,0.19672131147540983,8
87,,False,False,0,qwen35_9b,0.8385210803689065,0,0,1,1.0,0.98,1.0,0.5362318840579711,0.375,0.42016806722689076,8
88,0.0,True,False,1,gemma4_e4b,0.832572298325723,1,1,1,1.0,0.95,1.0,0.52,0.2076271186440678,0.45267489711934156,9
89,,False,False,0,gemma4_e4b,0.8566964955256711,0,0,0,0.95,0.98,1.0,0.22743682310469315,0.3458646616541353,0.4066390041493776,4
90,1.0,True,False,0,gemma4_e4b,0.832572298325723,0,0,0,1.0,0.98,1.0,0.52,0.3712121212121212,0.45267489711934156,9
91,0.5,True,False,1,granite41_8b,0.9301060338298409,0,1,1,0.95,0.95,0.95,0.21851851851851853,0.21030042918454936,0.16666666666666666,1
92,0.6,True,False,0,granite41_8b,0.9334578988608282,0,0,0,0.6,0.95,0.6,0.0,0.20425531914893616,0.07407407407407407,5
93,0.25,True,False,0,qwen35_9b,0.9266920741027574,0,0,0,0.95,0.95,0.95,0.23741007194244604,0.20425531914893616,0.15178571428571427,5
94,1.0,True,False,0,granite41_8b,0.7673006879805747,1,0,0,0.95,1.0,1.0,0.23741007194244604,0.7142857142857143,0.43902439024390244,0
95,1.0,True,False,1,gemma4_e4b,0.8440629815100154,1,1,1,0.95,0.98,1.0,0.22676579925650558,0.3656716417910448,0.4322033898305085,7
96,0.5,True,False,1,qwen35_9b,0.9266920741027574,1,0,0,0.95,0.95,0.95,0.23741007194244604,0.20425531914893616,0.15178571428571427,6
97,0.25,True,False,1,gemma4_e4b,0.8440629815100154,1,0,1,0.95,0.98,1.0,0.22676579925650558,0.3656716417910448,0.4322033898305085,7
98,1.0,True,False,0,gemma4_e4b,0.8507925897631781,0,0,0,0.95,0.95,1.0,0.23880597014925373,0.2079646017699115,0.42016806722689076,8
99,1.0,True,False,1,granite41_8b,0.9334578988608282,0,1,0,0.3,0.95,0.3,0.0,0.20425531914893616,0.0,5
100,1.0,True,False,0,granite41_8b,0.9306372670193306,0,0,0,0.65,0.95,0.6,0.0,0.20353982300884957,0.08888888888888889,3
101,1.0,True,False,1,gemma4_e4b,0.832572298325723,0,0,1,0.95,0.98,1.0,0.24621212121212122,0.3712121212121212,0.45267489711934156,9
102,0.3333333333333333,True,False,0,granite41_8b,0.9218079399141631,0,0,0,0.1,0.95,0.1,0.0,0.22746781115879827,0.0,7
103,0.0,True,False,1,qwen35_9b,0.929439780783785,1,0,1,0.95,0.95,0.9,0.22743682310469315,0.20425531914893616,0.1206896551724138,4
104,1.0,True,False,1,gemma4_e4b,0.8440629815100154,0,1,1,0.95,0.98,1.0,0.22676579925650558,0.3656716417910448,0.4322033898305085,7
105,1.0,True,True,0,gemma4_e4b,0.9351117519826965,0,0,0,0.85,0.2,0.9,0.06,0.05555555555555555,0.17543859649122806,9
106,0.5,True,False,0,gemma4_e4b,0.8395633248117184,1,0,0,0.95,0.95,1.0,0.23741007194244604,0.20425531914893616,0.43902439024390244,6
107,0.3333333333333333,True,False,0,gemma4_e4b,0.8444444444444444,0,0,0,0.95,0.98,1.0,0.21851851851851853,0.3230769230769231,0.41975308641975306,1
108,0.3333333333333333,True,False,0,qwen35_9b,0.9266920741027574,0,0,0,0.95,0.95,0.95,0.23741007194244604,0.20425531914893616,0.15178571428571427,0
109,0.6666666666666666,True,False,0,qwen35_9b,0.9291118077324974,0,0,0,0.95,0.95,0.9,0.23272727272727273,0.19480519480519481,0.1509433962264151,2
110,0.3333333333333333,True,False,0,gemma4_e4b,0.8350017101812792,0,0,0,0.95,0.95,1.0,0.21323529411764705,0.20353982300884957,0.44081632653061226,3
111,0.0,True,True,0,granite41_8b,0.9785200635058992,0,0,0,0.3,0.85,0.1,0.0,0.06593406593406594,0.0,6
112,0.5,True,False,1,gemma4_e4b,0.8350017101812792,1,1,1,0.95,0.98,1.0,0.21323529411764705,0.3851851851851852,0.44081632653061226,3
113,0.6666666666666666,True,False,0,granite41_8b,0.9306372670193306,0,0,0,0.9,0.95,0.9,0.21323529411764705,0.20353982300884957,0.18181818181818182,3
114,0.3333333333333333,True,False,0,granite41_8b,0.7632093933463796,0,0,0,0.95,1.0,1.0,0.24621212121212122,0.7142857142857143,0.45267489711934156,9
115,0.5,True,False,1,gemma4_e4b,0.8444444444444444,0,1,1,0.95,0.98,1.0,0.21851851851851853,0.3230769230769231,0.41975308641975306,1
116,1.0,True,False,1,gemma4_e4b,0.8395633248117184,0,0,1,0.95,0.95,1.0,0.23741007194244604,0.20425531914893616,0.43902439024390244,5
117,0.5,True,False,0,gemma4_e4b,0.8566964955256711,0,0,0,0.95,0.95,1.0,0.22743682310469315,0.20425531914893616,0.4066390041493776,4
118,1.0,True,False,0,qwen35_9b,0.8383251315119633,0,0,1,1.0,0.95,1.0,0.5211267605633803,0.20425531914893616,0.4066390041493776,4
119,0.5,True,False,0,gemma4_e4b,0.8350017101812792,0,0,0,0.95,0.95,1.0,0.21323529411764705,0.20353982300884957,0.44081632653061226,3
120,0.6666666666666666,True,False,0,qwen35_9b,0.9266920741027574,0,0,1,0.95,0.92,0.6,0.23741007194244604,0.06593406593406594,0.07407407407407407,0
121,1.0,True,False,0,gemma4_e4b,0.8395633248117184,1,1,0,0.95,0.95,1.0,0.23741007194244604,0.20425531914893616,0.43902439024390244,6
122,1.0,True,False,0,qwen35_9b,0.839093137254902,0,0,0,1.0,0.95,1.0,0.5416666666666666,0.21030042918454936,0.41975308641975306,1
123,0.14285714285714285,True,False,0,gemma4_e4b,0.8444444444444444,0,0,0,0.95,0.95,1.0,0.21851851851851853,0.21030042918454936,0.41975308641975306,1
124,1.0,True,False,1,gemma4_e4b,0.8350017101812792,0,1,1,0.95,0.95,1.0,0.21323529411764705,0.20353982300884957,0.44081632653061226,3
125,1.0,True,False,0,gemma4_e4b,0.8507925897631781,0,0,0,0.95,0.95,1.0,0.23880597014925373,0.2079646017699115,0.42016806722689076,8
126,,False,False,1,qwen35_9b,0.9280868385345997,1,0,0,0.95,0.95,0.8,0.23880597014925373,0.2079646017699115,0.08620689655172414,8
127,1.0,True,False,1,gemma4_e4b,0.8395633248117184,1,1,1,0.95,0.95,1.0,0.23741007194244604,0.20425531914893616,0.43902439024390244,5
128,0.16666666666666666,True,True,0,qwen35_9b,0.9350871459694989,0,0,0,0.95,0.85,0.95,0.21851851851851853,0.10526315789473684,0.16666666666666666,1
129,0.15384615384615385,True,False,0,granite41_8b,0.9218079399141631,0,0,0,0.95,0.95,0.95,0.22676579925650558,0.22746781115879827,0.1864406779661017,7
130,0.5,True,False,1,qwen35_9b,0.8350095785440612,1,0,1,1.0,0.0,1.0,0.5416666666666666,0.0,0.4251012145748988,2
131,1.0,True,False,1,qwen35_9b,0.929439780783785,1,0,0,0.95,0.92,0.8,0.22743682310469315,0.09090909090909091,0.05555555555555555,4
132,0.5,True,False,1,gemma4_e4b,0.8566964955256711,1,1,1,0.95,0.98,1.0,0.22743682310469315,0.3458646616541353,0.4066390041493776,4
133,0.3333333333333333,True,True,0,gemma4_e4b,0.9729304375196727,0,0,0,0.2,0.85,0.5,0.0,0.06593406593406594,0.07407407407407407,6
134,0.75,True,False,1,gemma4_e4b,0.8350017101812792,0,1,1,0.0,0.95,1.0,0.0,0.20353982300884957,0.44081632653061226,3
135,0.6666666666666666,True,False,1,gemma4_e4b,0.8440629815100154,0,0,1,0.95,0.95,1.0,0.22676579925650558,0.22746781115879827,0.4322033898305085,7
136,0.25,True,False,0,qwen35_9b,0.9264736405147365,0,0,0,0.95,0.95,0.95,0.24621212121212122,0.2076271186440678,0.1896551724137931,9
137,0.0,True,False,0,gemma4_e4b,0.9298535663675012,0,0,0,0.85,0.92,0.95,0.06,0.09210526315789473,0.1896551724137931,9
138,1.0,True,False,0,qwen35_9b,0.9266920741027574,0,0,0,0.95,0.95,0.9,0.23741007194244604,0.20425531914893616,0.15178571428571427,6
139,0.6666666666666666,True,False,0,qwen35_9b,0.8289181532807595,0,1,0,1.0,0.99,1.0,0.5540540540540541,0.5,0.43902439024390244,6
140,1.0,True,False,0,gemma4_e4b,0.8395633248117184,0,1,0,0.95,0.92,1.0,0.23741007194244604,0.06593406593406594,0.43902439024390244,5
141,0.5,True,True,0,gemma4_e4b,0.9674833635813672,0,0,0,0.85,0.92,0.8,0.061224489795918366,0.08974358974358974,0.08771929824561403,2
142,0.3333333333333333,True,False,0,gemma4_e4b,0.8507925897631781,0,0,0,0.95,0.95,1.0,0.23880597014925373,0.2079646017699115,0.42016806722689076,8
143,0.6666666666666666,True,False,0,gemma4_e4b,0.8440629815100154,0,0,0,0.95,0.95,1.0,0.22676579925650558,0.22746781115879827,0.4322033898305085,7
144,0.2,True,False,0,gemma4_e4b,0.8424193773558565,0,1,0,0.95,0.85,1.0,0.23272727272727273,0.08974358974358974,0.4251012145748988,2
145,,False,True,0,qwen35_9b,0.9330010138560324,0,0,0,0.95,0.85,0.1,0.22676579925650558,0.08450704225352113,0.0,7
146,,False,True,0,granite41_8b,0.936744290192566,0,0,0,0.3,0.95,0.5,0.0,0.19480519480519481,0.08771929824561403,2
147,0.0,True,False,0,granite41_8b,0.9334578988608282,0,0,0,0.2,0.95,0.7,0.0,0.20425531914893616,0.07407407407407407,0
148,0.125,True,True,0,gemma4_e4b,0.9445315661675435,0,0,0,0.85,0.0,0.9,0.04081632653061224,0.0,0.15178571428571427,6
149,0.0,True,False,1,gemma4_e4b,0.8507925897631781,0,0,1,0.95,0.98,1.0,0.23880597014925373,0.375,0.42016806722689076,8
150,0.0,True,False,0,gemma4_e4b,0.8350017101812792,1,0,0,0.95,0.95,1.0,0.21323529411764705,0.20353982300884957,0.44081632653061226,3
151,0.0,True,False,0,gemma4_e4b,0.8424193773558565,0,0,0,0.95,0.95,1.0,0.23272727272727273,0.19480519480519481,0.4251012145748988,2
152,0.0,True,False,0,qwen35_9b,0.9264736405147365,0,0,0,0.95,0.95,0.9,0.24621212121212122,0.2076271186440678,0.17543859649122806,9
153,0.0,True,False,0,gemma4_e4b,0.8566964955256711,0,0,0,0.95,0.95,1.0,0.22743682310469315,0.20425531914893616,0.4066390041493776,4
154,0.0,True,True,0,gemma4_e4b,1.0,0,0,0,0.0,0.1,0.1,0.0,0.0,0.0,9
155,1.0,True,False,0,gemma4_e4b,0.8440629815100154,0,0,0,0.1,0.2,1.0,0.0,0.041666666666666664,0.4322033898305085,7
156,1.0,True,False,0,granite41_8b,0.9301060338298409,0,0,1,0.2,0.95,0.9,0.0,0.21030042918454936,0.16666666666666666,1
157,0.6,True,False,0,gemma4_e4b,0.832572298325723,0,0,0,0.95,0.98,1.0,0.24621212121212122,0.3712121212121212,0.45267489711934156,9
158,1.0,True,True,0,gemma4_e4b,1.0,0,0,0,0.1,0.1,0.1,0.0,0.0,0.0,2
159,1.0,True,True,0,granite41_8b,0.9797054597701149,0,0,0,0.1,0.2,0.3,0.0,0.0625,0.0,2
160,0.3333333333333333,True,True,0,gemma4_e4b,1.0,0,0,0,0.0,0.1,0.1,0.0,0.0,0.0,7
161,,False,True,0,granite41_8b,0.9693318729463307,0,0,0,0.0,0.92,0.1,0.0,0.09090909090909091,0.0,4
162,0.5,True,False,0,gemma4_e4b,0.8350017101812792,0,0,0,1.0,0.95,1.0,0.5316455696202531,0.20353982300884957,0.44081632653061226,3
163,0.0,True,False,0,gemma4_e4b,0.8444444444444444,0,0,0,0.95,0.92,1.0,0.21851851851851853,0.10526315789473684,0.41975308641975306,1
164,0.3333333333333333,True,False,0,granite41_8b,0.9301060338298409,0,0,0,0.95,0.95,0.9,0.21851851851851853,0.21030042918454936,0.16666666666666666,1
165,1.0,True,False,0,qwen35_9b,0.929439780783785,0,0,0,0.95,0.95,0.3,0.22743682310469315,0.20425531914893616,0.0,4
166,,False,True,0,granite41_8b,0.965015479876161,0,0,0,0.1,0.85,0.3,0.0,0.10526315789473684,0.0,1
167,1.0,True,False,0,granite41_8b,0.9301060338298409,0,0,0,0.75,0.95,0.7,0.058823529411764705,0.21030042918454936,0.09090909090909091,1
168,1.0,True,False,0,qwen35_9b,0.9266920741027574,0,0,0,0.95,0.95,0.9,0.23741007194244604,0.20425531914893616,0.15178571428571427,0
169,,False,True,0,granite41_8b,0.9708591217211907,0,0,0,0.0,0.85,0.1,0.0,0.08974358974358974,0.0,2
170,0.0,True,False,0,gemma4_e4b,0.8350017101812792,0,0,0,0.95,0.98,1.0,0.21323529411764705,0.3851851851851852,0.44081632653061226,3
171,0.125,True,False,0,gemma4_e4b,0.927185960591133,0,0,0,0.95,0.95,0.95,0.23272727272727273,0.19480519480519481,0.19642857142857142,2
172,0.0,True,False,0,granite41_8b,0.9301060338298409,1,0,0,0.95,0.95,0.3,0.21851851851851853,0.21030042918454936,0.0,1
173,0.0,True,False,0,granite41_8b,0.9285121681415929,0,0,0,0.3,0.95,0.2,0.0,0.2079646017699115,0.0,8
174,,False,False,1,qwen35_9b,0.8383251315119633,1,0,1,1.0,0.98,1.0,0.5211267605633803,0.3458646616541353,0.4066390041493776,4
175,0.0,True,False,0,gemma4_e4b,0.8444444444444444,1,0,0,0.95,0.98,1.0,0.21851851851851853,0.3230769230769231,0.41975308641975306,1
176,0.5,True,False,0,gemma4_e4b,0.8395633248117184,0,0,0,0.95,0.95,1.0,0.23741007194244604,0.20425531914893616,0.43902439024390244,6
177,0.05,True,False,0,gemma4_e4b,0.8395633248117184,0,1,0,0.95,0.95,1.0,0.23741007194244604,0.20425531914893616,0.43902439024390244,6
178,0.0,True,False,0,gemma4_e4b,0.8395633248117184,0,0,0,0.95,0.98,1.0,0.23741007194244604,0.35555555555555557,0.43902439024390244,0
179,0.4,True,False,0,gemma4_e4b,0.8395633248117184,0,0,0,0.75,0.95,1.0,0.04081632653061224,0.20425531914893616,0.43902439024390244,0
180,0.0,True,False,1,granite41_8b,0.9311701880659392,0,1,1,0.75,0.95,0.7,0.06,0.2076271186440678,0.07142857142857142,9
181,0.0,True,True,0,gemma4_e4b,0.9693867554858934,0,0,0,0.1,0.45,0.6,0.0,0.05555555555555555,0.08620689655172414,8
182,0.6666666666666666,True,True,0,granite41_8b,0.9785200635058992,0,0,0,0.0,0.78,0.1,0.0,0.06593406593406594,0.0,5
183,0.6666666666666666,True,False,0,qwen35_9b,0.9266920741027574,0,0,0,0.95,0.95,0.9,0.23741007194244604,0.20425531914893616,0.15178571428571427,5
184,0.5,True,False,0,gemma4_e4b,0.8507925897631781,0,0,0,0.95,0.95,1.0,0.23880597014925373,0.2079646017699115,0.42016806722689076,8
185,0.0,True,True,1,gemma4_e4b,0.9574678022434566,0,1,1,0.3,0.92,0.9,0.0,0.09090909090909091,0.1206896551724138,4
186,0.09090909090909091,True,False,0,qwen35_9b,0.9266920741027574,0,0,0,0.95,0.95,0.95,0.23741007194244604,0.20425531914893616,0.15178571428571427,0
187,0.0,True,False,0,granite41_8b,0.9218079399141631,0,0,0,0.3,0.95,0.6,0.0,0.22746781115879827,0.0851063829787234,7
188,0.125,True,False,1,granite41_8b,0.8926244343891403,0,1,0,0.85,0.98,0.9,0.058823529411764705,0.3230769230769231,0.16666666666666666,1
189,0.0,True,False,1,granite41_8b,0.8926244343891403,1,1,1,0.95,0.98,0.95,0.21851851851851853,0.3230769230769231,0.16666666666666666,1
190,0.0,True,True,0,granite41_8b,0.9785200635058992,0,0,0,0.2,0.85,0.1,0.0,0.06593406593406594,0.0,6
191,0.75,True,True,0,qwen35_9b,0.9392458100558659,0,0,0,0.95,0.92,0.85,0.21323529411764705,0.09876543209876543,0.1353535353535353,3
192,1.0,True,False,0,gemma4_e4b,0.8395633248117184,0,1,0,0.95,0.95,1.0,0.23741007194244604,0.20425531914893616,0.43902439024390244,0
193,0.3333333333333333,True,False,0,gemma4_e4b,0.8395633248117184,1,0,0,0.95,0.95,1.0,0.23741007194244604,0.20425531914893616,0.43902439024390244,6
194,0.0,True,False,0,qwen35_9b,0.9266920741027574,0,0,0,0.95,0.92,0.9,0.23741007194244604,0.06593406593406594,0.15178571428571427,5
195,1.0,True,False,1,qwen35_9b,0.9291118077324974,1,1,1,0.95,0.95,0.9,0.23272727272727273,0.19480519480519481,0.1509433962264151,2
196,0.5,True,False,0,gemma4_e4b,0.8566964955256711,0,0,0,0.95,0.98,1.0,0.22743682310469315,0.3458646616541353,0.4066390041493776,4
197,0.5,True,False,0,qwen35_9b,0.929439780783785,0,1,1,0.95,0.95,0.95,0.22743682310469315,0.20425531914893616,0.15254237288135594,4
198,0.0,True,False,1,gemma4_e4b,0.832572298325723,1,0,1,0.95,0.98,1.0,0.24621212121212122,0.3712121212121212,0.45267489711934156,9
199,0.0,True,False,0,qwen35_9b,0.9266920741027574,0,0,0,0.95,0.95,0.3,0.23741007194244604,0.20425531914893616,0.0,6
200,0.0,True,False,1,gemma4_e4b,0.8566964955256711,0,0,1,0.95,0.0,1.0,0.22743682310469315,0.0,0.4066390041493776,4
201,0.5,True,False,0,granite41_8b,0.9310945911304793,0,0,0,0.6,0.95,0.5,0.0,0.20425531914893616,0.05555555555555555,4
202,0.0,True,False,0,qwen35_9b,0.9280868385345997,0,1,0,0.95,0.95,0.95,0.23880597014925373,0.2079646017699115,0.19672131147540983,8
203,0.0,True,False,1,granite41_8b,0.8371104815864023,0,1,1,0.95,0.99,1.0,0.23741007194244604,0.5,0.43902439024390244,6
204,0.75,True,False,1,qwen35_9b,0.8350095785440612,1,0,0,1.0,0.98,1.0,0.5416666666666666,0.35294117647058826,0.4251012145748988,2
205,,False,False,1,qwen35_9b,0.9280868385345997,1,0,0,0.95,0.95,0.9,0.23880597014925373,0.2079646017699115,0.14545454545454545,8
206,0.0,True,False,0,gemma4_e4b,0.8395633248117184,0,0,0,0.95,0.95,1.0,0.23741007194244604,0.20425531914893616,0.43902439024390244,0
207,0.2,True,False,0,granite41_8b,0.9285121681415929,0,0,0,0.2,0.95,0.5,0.0,0.2079646017699115,0.08620689655172414,8
208,1.0,True,False,1,qwen35_9b,0.8289181532807595,1,0,0,1.0,0.95,1.0,0.5540540540540541,0.20425531914893616,0.43902439024390244,0
209,0.0,True,True,0,gemma4_e4b,0.9382352941176471,0,0,0,0.85,0.92,0.9,0.058823529411764705,0.10526315789473684,0.16666666666666666,1
210,0.5,True,False,0,qwen35_9b,0.929439780783785,0,0,0,0.95,0.92,0.9,0.22743682310469315,0.09090909090909091,0.1206896551724138,4
211,0.0,True,True,0,qwen35_9b,0.9350871459694989,0,0,0,0.95,0.92,0.9,0.21851851851851853,0.10526315789473684,0.16666666666666666,1
212,0.6666666666666666,True,False,0,qwen35_9b,0.929439780783785,0,1,0,0.95,0.95,0.9,0.22743682310469315,0.20425531914893616,0.1206896551724138,4
213,0.3333333333333333,True,False,1,gemma4_e4b,0.832572298325723,0,0,1,0.95,0.98,1.0,0.24621212121212122,0.3712121212121212,0.45267489711934156,9
214,1.0,True,False,0,gemma4_e4b,0.8440629815100154,0,0,0,0.95,0.95,1.0,0.22676579925650558,0.22746781115879827,0.4322033898305085,7
215,0.3333333333333333,True,False,0,gemma4_e4b,0.8440629815100154,0,1,0,0.95,0.98,1.0,0.22676579925650558,0.3656716417910448,0.4322033898305085,7
216,0.0,True,False,0,gemma4_e4b,0.8395633248117184,0,0,0,0.95,0.95,1.0,0.23741007194244604,0.20425531914893616,0.43902439024390244,6
217,0.0,True,False,0,gemma4_e4b,0.8395633248117184,0,0,0,0.95,0.95,1.0,0.23741007194244604,0.20425531914893616,0.43902439024390244,6
218,0.5,True,False,1,gemma4_e4b,0.8440629815100154,0,0,1,0.95,0.95,1.0,0.22676579925650558,0.22746781115879827,0.4322033898305085,7
219,0.0,True,False,0,gemma4_e4b,0.8395633248117184,1,1,0,0.95,0.98,1.0,0.23741007194244604,0.35555555555555557,0.43902439024390244,6
220,0.5,True,False,1,gemma4_e4b,0.8566964955256711,1,1,1,0.95,0.98,1.0,0.22743682310469315,0.3458646616541353,0.4066390041493776,4
221,0.0,True,False,0,qwen35_9b,0.9280868385345997,0,0,0,0.95,0.95,0.9,0.23880597014925373,0.2079646017699115,0.14545454545454545,8
222,0.0,True,True,0,granite41_8b,0.9651898734177216,0,0,0,0.0,0.92,0.5,0.0,0.10126582278481013,0.08620689655172414,8
223,,False,False,1,gemma4_e4b,0.8566964955256711,1,1,1,0.95,0.95,1.0,0.22743682310469315,0.20425531914893616,0.4066390041493776,4
224,1.0,True,False,1,qwen35_9b,0.839093137254902,1,0,1,1.0,0.98,1.0,0.5416666666666666,0.3230769230769231,0.41975308641975306,1
225,,False,False,0,granite41_8b,0.9334578988608282,0,0,0,0.2,0.95,0.3,0.0,0.20425531914893616,0.0,5
226,0.0,True,False,1,gemma4_e4b,0.8350017101812792,1,1,1,0.95,0.98,1.0,0.21323529411764705,0.3851851851851852,0.44081632653061226,3
227,0.0,True,True,0,gemma4_e4b,0.9445315661675435,0,0,0,0.85,0.92,0.9,0.04081632653061224,0.06593406593406594,0.15178571428571427,6
228,0.25,True,False,0,gemma4_e4b,0.8566964955256711,0,0,0,0.95,0.98,1.0,0.22743682310469315,0.3458646616541353,0.4066390041493776,4
229,0.1111111111111111,True,False,1,gemma4_e4b,0.8440629815100154,0,1,1,0.95,0.95,1.0,0.22676579925650558,0.22746781115879827,0.4322033898305085,7
230,0.0,True,False,0,gemma4_e4b,0.8395633248117184,0,0,0,0.95,0.95,1.0,0.23741007194244604,0.20425531914893616,0.43902439024390244,5
231,0.5,True,True,0,granite41_8b,0.9651898734177216,0,0,0,0.3,0.85,0.3,0.0,0.10126582278481013,0.0,8
232,0.25,True,False,0,gemma4_e4b,0.927185960591133,0,0,0,0.95,0.95,0.95,0.23272727272727273,0.19480519480519481,0.19642857142857142,2
233,0.0,True,True,0,granite41_8b,0.9708591217211907,0,0,0,0.1,0.92,0.1,0.0,0.08974358974358974,0.0,2
234,0.0,True,False,1,gemma4_e4b,0.8440629815100154,1,0,1,0.95,0.98,1.0,0.22676579925650558,0.3656716417910448,0.4322033898305085,7
235,0.0,True,False,1,granite41_8b,0.8035714285714286,1,1,1,1.0,0.99,1.0,0.5394736842105263,0.5714285714285714,0.4322033898305085,7
236,0.0,True,False,0,gemma4_e4b,0.8350017101812792,0,0,0,0.95,0.98,1.0,0.21323529411764705,0.3851851851851852,0.44081632653061226,3
237,0.0,True,False,0,gemma4_e4b,0.8350017101812792,0,0,0,0.95,0.95,1.0,0.21323529411764705,0.20353982300884957,0.44081632653061226,3
238,0.2,True,False,1,granite41_8b,0.8833227647431833,0,1,1,0.95,0.98,0.95,0.22743682310469315,0.3458646616541353,0.15254237288135594,4
239,0.0,True,False,1,gemma4_e4b,0.8566964955256711,1,1,1,0.95,0.98,1.0,0.22743682310469315,0.3458646616541353,0.4066390041493776,4
240,0.25,True,False,0,granite41_8b,0.8200803212851405,0,0,0,0.95,0.99,0.95,0.22743682310469315,0.5333333333333333,0.15254237288135594,4
241,0.0,True,True,0,granite41_8b,0.9693318729463307,0,0,1,0.85,0.78,0.6,0.05660377358490566,0.09090909090909091,0.05555555555555555,4
242,0.0,True,False,0,gemma4_e4b,0.8440629815100154,0,0,0,0.95,0.95,1.0,0.22676579925650558,0.22746781115879827,0.4322033898305085,7
243,0.5,True,False,0,gemma4_e4b,0.832572298325723,0,0,0,0.95,0.95,1.0,0.24621212121212122,0.2076271186440678,0.45267489711934156,9
244,0.5,True,False,0,qwen35_9b,0.9264736405147365,0,0,0,0.95,0.92,0.95,0.24621212121212122,0.09210526315789473,0.1896551724137931,9
245,0.5,True,True,0,granite41_8b,0.9694664744051911,0,0,0,0.3,0.85,0.3,0.0,0.09210526315789473,0.0,9
246,0.2,True,True,0,granite41_8b,0.965015479876161,0,0,0,0.85,0.92,0.7,0.058823529411764705,0.10526315789473684,0.09090909090909091,1
247,0.5,True,False,0,gemma4_e4b,0.8350017101812792,0,0,0,0.95,0.95,1.0,0.21323529411764705,0.20353982300884957,0.44081632653061226,3
248,0.0,True,False,1,qwen35_9b,0.9291118077324974,1,1,0,0.95,0.95,0.9,0.23272727272727273,0.19480519480519481,0.1509433962264151,2
249,0.0,True,False,0,gemma4_e4b,0.8395633248117184,0,0,0,0.95,0.95,1.0,0.23741007194244604,0.20425531914893616,0.43902439024390244,5
250,0.0,True,False,0,granite41_8b,0.8841674535725528,0,0,0,0.2,0.98,0.95,0.0,0.35555555555555557,0.15178571428571427,0
251,0.0,True,False,1,gemma4_e4b,0.8507925897631781,0,0,1,0.95,0.95,1.0,0.23880597014925373,0.2079646017699115,0.42016806722689076,8
252,0.5,True,False,0,gemma4_e4b,0.8395633248117184,0,0,0,0.95,0.95,1.0,0.23741007194244604,0.20425531914893616,0.43902439024390244,0
253,0.0,True,False,1,gemma4_e4b,0.8424193773558565,0,0,1,0.85,0.92,1.0,0.061224489795918366,0.08974358974358974,0.4251012145748988,2
254,1.0,True,False,0,gemma4_e4b,0.8440629815100154,0,0,0,0.95,0.0,1.0,0.22676579925650558,0.0,0.4322033898305085,7
255,0.16666666666666666,True,False,0,gemma4_e4b,0.8395633248117184,1,0,0,0.95,0.0,1.0,0.23741007194244604,0.0,0.43902439024390244,0
256,0.16666666666666666,True,False,0,gemma4_e4b,0.8395633248117184,0,0,0,0.95,0.95,1.0,0.23741007194244604,0.20425531914893616,0.43902439024390244,5
257,1.0,True,False,0,qwen35_9b,0.9266920741027574,0,0,0,0.9,0.0,0.1,0.23741007194244604,0.0,0.0,5
258,1.0,True,False,1,gemma4_e4b,0.8440629815100154,0,0,1,0.95,0.95,1.0,0.22676579925650558,0.22746781115879827,0.4322033898305085,7
259,1.0,True,True,0,gemma4_e4b,1.0,0,0,0,0.0,0.0,0.0,0.0,0.0,0.0,5
260,0.0,True,True,0,granite41_8b,0.9785200635058992,0,0,0,0.7,0.85,0.4,0.04081632653061224,0.06593406593406594,0.0,5
261,1.0,True,True,0,granite41_8b,0.9785200635058992,0,0,0,0.0,0.45,0.1,0.0,0.06593406593406594,0.0,0
262,0.0,True,False,0,qwen35_9b,0.9266920741027574,0,0,0,0.95,0.95,0.95,0.23741007194244604,0.20425531914893616,0.15178571428571427,5
263,0.5,True,False,1,gemma4_e4b,0.8395633248117184,0,1,1,0.95,0.95,1.0,0.23741007194244604,0.20425531914893616,0.43902439024390244,0
264,0.125,True,False,0,gemma4_e4b,0.8440629815100154,0,0,0,0.95,0.98,1.0,0.22676579925650558,0.3656716417910448,0.4322033898305085,7
265,0.1,True,False,0,gemma4_e4b,0.8350017101812792,0,0,0,0.95,0.95,1.0,0.21323529411764705,0.20353982300884957,0.44081632653061226,3
266,1.0,True,False,1,qwen35_9b,0.8385210803689065,1,0,1,1.0,0.98,1.0,0.5362318840579711,0.375,0.42016806722689076,8
267,0.5,True,True,0,granite41_8b,0.9694664744051911,0,0,0,0.2,0.75,0.6,0.0,0.09210526315789473,0.07142857142857142,9
268,0.0,True,False,0,qwen35_9b,0.9266920741027574,0,0,0,0.95,0.95,0.9,0.23741007194244604,0.20425531914893616,0.15178571428571427,0
269,1.0,True,False,1,granite41_8b,0.8841674535725528,0,1,0,0.6,0.98,0.6,0.0,0.35555555555555557,0.07407407407407407,6
270,1.0,True,False,1,granite41_8b,0.8200803212851405,1,1,1,1.0,0.99,1.0,0.5211267605633803,0.5333333333333333,0.4066390041493776,4
271,0.0,True,False,0,granite41_8b,0.9334578988608282,0,0,0,0.2,0.95,0.9,0.0,0.20425531914893616,0.15178571428571427,6
272,0.25,True,False,1,qwen35_9b,0.8383251315119633,1,1,1,1.0,0.95,1.0,0.5211267605633803,0.20425531914893616,0.4066390041493776,4
273,0.0,True,False,0,gemma4_e4b,0.832572298325723,0,0,0,0.95,0.98,1.0,0.24621212121212122,0.3712121212121212,0.45267489711934156,9
274,0.3333333333333333,True,False,1,gemma4_e4b,0.8395633248117184,0,0,1,0.95,0.98,1.0,0.23741007194244604,0.35555555555555557,0.43902439024390244,6
275,0.0,True,False,1,qwen35_9b,0.9266920741027574,1,0,0,0.95,0.95,0.95,0.23741007194244604,0.20425531914893616,0.15178571428571427,6
276,,False,False,1,gemma4_e4b,0.8395633248117184,1,1,1,0.95,0.95,1.0,0.23741007194244604,0.20425531914893616,0.43902439024390244,0
277,0.0,True,False,0,qwen35_9b,0.9291118077324974,0,0,0,0.95,0.95,0.9,0.23272727272727273,0.19480519480519481,0.1509433962264151,2
278,0.0,True,True,1,granite41_8b,0.936744290192566,0,1,0,0.85,0.95,0.3,0.061224489795918366,0.19480519480519481,0.0,2
279,0.0,True,False,1,granite41_8b,0.8841674535725528,0,1,0,0.3,0.98,0.2,0.0,0.35555555555555557,0.0,5
280,0.0,True,False,0,gemma4_e4b,0.8507925897631781,0,0,0,0.95,0.98,1.0,0.23880597014925373,0.375,0.42016806722689076,8
281,0.0,True,False,1,gemma4_e4b,0.8440629815100154,1,1,1,0.95,0.98,1.0,0.22676579925650558,0.3656716417910448,0.4322033898305085,7
282,0.0,True,False,0,gemma4_e4b,0.8424193773558565,0,1,0,0.95,0.98,1.0,0.23272727272727273,0.35294117647058826,0.4251012145748988,2
283,0.25,True,False,0,gemma4_e4b,0.8395633248117184,1,0,0,0.95,0.98,1.0,0.23741007194244604,0.35555555555555557,0.43902439024390244,0
284,1.0,True,False,1,qwen35_9b,0.839093137254902,1,1,1,1.0,0.98,1.0,0.5416666666666666,0.3230769230769231,0.41975308641975306,1
285,0.0,True,False,0,qwen35_9b,0.8289181532807595,0,0,0,1.0,0.98,1.0,0.5540540540540541,0.35555555555555557,0.43902439024390244,0
286,0.4,True,False,0,qwen35_9b,0.8350095785440612,0,1,1,1.0,0.99,1.0,0.5416666666666666,0.5,0.4251012145748988,2
287,0.14285714285714285,True,False,0,gemma4_e4b,0.832572298325723,0,0,0,0.95,0.0,1.0,0.24621212121212122,0.0,0.45267489711934156,9
288,1.0,True,False,1,granite41_8b,0.8199754901960784,1,1,1,1.0,1.0,1.0,0.5416666666666666,0.5416666666666666,0.41975308641975306,1
289,0.5,True,False,0,qwen35_9b,0.8289181532807595,0,1,0,1.0,0.95,1.0,0.5540540540540541,0.20425531914893616,0.43902439024390244,0
290,0.25,True,False,0,gemma4_e4b,0.8395633248117184,0,0,0,0.95,0.98,1.0,0.23741007194244604,0.35555555555555557,0.43902439024390244,5
291,,False,False,1,granite41_8b,0.8841674535725528,0,1,1,0.2,0.98,0.95,0.0,0.35555555555555557,0.15178571428571427,0
292,,False,True,0,granite41_8b,0.9651898734177216,0,0,0,0.2,0.85,0.2,0.0,0.10126582278481013,0.0,8
293,,False,False,0,granite41_8b,0.9301060338298409,0,0,0,0.95,0.95,0.5,0.21851851851851853,0.21030042918454936,0.09090909090909091,1
294,,False,False,0,granite41_8b,0.9310945911304793,0,0,0,0.2,0.95,0.1,0.0,0.20425531914893616,0.0,4
295,1.0,True,True,0,gemma4_e4b,1.0,0,0,0,0.0,0.1,0.1,0.0,0.0,0.0,3
296,0.0,True,True,0,gemma4_e4b,0.9729304375196727,0,0,0,0.1,0.65,0.5,0.0,0.06593406593406594,0.07407407407407407,0
297,0.16666666666666666,True,False,1,gemma4_e4b,0.8566964955256711,0,1,1,0.95,0.98,1.0,0.22743682310469315,0.3458646616541353,0.4066390041493776,4
298,1.0,True,False,1,granite41_8b,0.7975903614457831,0,1,0,1.0,1.0,1.0,0.5211267605633803,0.6,0.4066390041493776,4
299,0.5,True,False,0,gemma4_e4b,0.8395633248117184,0,0,0,0.0,0.85,1.0,0.0,0.06593406593406594,0.43902439024390244,5
300,1.0,True,False,0,granite41_8b,0.8049959709911362,0,0,1,0.95,0.99,1.0,0.24621212121212122,0.5882352941176471,0.45267489711934156,9
301,,False,False,0,granite41_8b,0.9334578988608282,0,0,0,0.2,0.95,0.3,0.0,0.20425531914893616,0.0,5
302,0.6666666666666666,True,False,1,gemma4_e4b,0.8350017101812792,1,1,1,0.95,0.95,1.0,0.21323529411764705,0.20353982300884957,0.44081632653061226,3
303,1.0,True,False,1,gemma4_e4b,0.8395633248117184,1,0,1,0.95,0.98,1.0,0.23741007194244604,0.35555555555555557,0.43902439024390244,5
304,0.75,True,False,0,gemma4_e4b,0.8507925897631781,0,0,0,0.95,0.98,1.0,0.23880597014925373,0.375,0.42016806722689076,8
305,0.5,True,False,1,gemma4_e4b,0.8566964955256711,0,0,1,0.2,0.95,1.0,0.0,0.20425531914893616,0.4066390041493776,4
306,0.2,True,True,0,granite41_8b,0.9804498269896194,0,0,0,0.3,0.6,0.1,0.0,0.058823529411764705,0.0,1
307,0.25,True,True,0,gemma4_e4b,0.9667287399130975,0,0,0,0.2,0.2,0.6,0.0,0.058823529411764705,0.08888888888888889,3
308,0.6666666666666666,True,False,0,gemma4_e4b,0.8395633248117184,0,0,0,0.95,0.98,1.0,0.23741007194244604,0.35555555555555557,0.43902439024390244,5
309,0.6666666666666666,True,False,0,granite41_8b,0.9334578988608282,0,0,0,0.75,0.95,0.9,0.04081632653061224,0.20425531914893616,0.15178571428571427,5
310,1.0,True,False,0,granite41_8b,0.8841674535725528,0,0,0,0.0,0.98,0.9,0.0,0.35555555555555557,0.15178571428571427,5
311,0.75,True,False,1,granite41_8b,0.8841674535725528,0,1,1,0.95,0.98,0.95,0.23741007194244604,0.35555555555555557,0.15178571428571427,0
312,0.5,True,False,0,granite41_8b,0.9334578988608282,0,0,0,0.0,0.95,0.2,0.0,0.20425531914893616,0.0,0
313,0.5,True,False,0,gemma4_e4b,0.8395633248117184,0,1,0,0.95,0.98,1.0,0.23741007194244604,0.35555555555555557,0.43902439024390244,6
314,1.0,True,False,0,gemma4_e4b,0.832572298325723,1,0,0,0.95,0.95,1.0,0.24621212121212122,0.2076271186440678,0.45267489711934156,9
315,0.5,True,True,0,gemma4_e4b,0.9327330508474576,0,0,0,0.95,0.92,0.95,0.22676579925650558,0.08450704225352113,0.1864406779661017,7
316,0.0,True,False,0,qwen35_9b,0.9266920741027574,0,0,0,0.95,0.95,0.8,0.23741007194244604,0.20425531914893616,0.07407407407407407,0
317,1.0,True,False,0,qwen35_9b,0.8289181532807595,0,0,0,1.0,0.98,1.0,0.5540540540540541,0.35555555555555557,0.43902439024390244,0
318,1.0,True,False,1,gemma4_e4b,0.832572298325723,1,1,1,1.0,0.98,1.0,0.52,0.3712121212121212,0.45267489711934156,9
319,1.0,True,False,1,gemma4_e4b,0.8507925897631781,0,1,1,0.85,0.98,1.0,0.057692307692307696,0.375,0.42016806722689076,8
320,1.0,True,False,0,gemma4_e4b,0.8395633248117184,0,0,0,0.95,0.95,1.0,0.23741007194244604,0.20425531914893616,0.43902439024390244,0
321,0.0,True,False,1,qwen35_9b,0.8385210803689065,1,0,0,1.0,0.98,1.0,0.5362318840579711,0.375,0.42016806722689076,8
322,1.0,True,False,1,qwen35_9b,0.84061004784689,1,0,1,1.0,0.98,1.0,0.5394736842105263,0.3656716417910448,0.4322033898305085,7
323,1.0,True,False,0,qwen35_9b,0.9266920741027574,0,1,0,0.95,0.95,0.95,0.23741007194244604,0.20425531914893616,0.15178571428571427,6
324,0.5,True,False,1,granite41_8b,0.9218079399141631,1,1,0,0.95,0.95,0.9,0.22676579925650558,0.22746781115879827,0.14754098360655737,7
325,0.0,True,False,1,granite41_8b,0.9334578988608282,0,1,1,0.85,0.95,0.95,0.04081632653061224,0.20425531914893616,0.15178571428571427,5
326,0.1,True,False,0,gemma4_e4b,0.9238708455638671,0,0,0,0.95,0.95,0.95,0.21323529411764705,0.20353982300884957,0.2033898305084746,3
327,0.1111111111111111,True,False,0,gemma4_e4b,0.8395633248117184,0,0,0,0.95,0.98,1.0,0.23741007194244604,0.35555555555555557,0.43902439024390244,0
328,,False,False,1,qwen35_9b,0.8289181532807595,1,1,1,1.0,0.98,1.0,0.5540540540540541,0.35555555555555557,0.43902439024390244,5
329,,False,True,0,qwen35_9b,0.9330010138560324,0,1,0,0.95,0.65,0.8,0.22676579925650558,0.041666666666666664,0.0851063829787234,7
330,0.2857142857142857,True,False,1,granite41_8b,0.8035714285714286,1,1,1,0.95,0.99,1.0,0.22676579925650558,0.5714285714285714,0.4322033898305085,7
331,0.0,True,False,0,granite41_8b,0.9310945911304793,0,0,0,0.85,0.95,0.5,0.05660377358490566,0.20425531914893616,0.05555555555555555,4
332,0.0,True,False,0,qwen35_9b,0.9266920741027574,0,1,1,0.95,0.92,0.9,0.23741007194244604,0.06593406593406594,0.15178571428571427,0
333,0.0,True,False,0,gemma4_e4b,0.8350017101812792,0,0,0,0.95,0.98,1.0,0.21323529411764705,0.3851851851851852,0.44081632653061226,3
334,0.2,True,True,0,granite41_8b,0.9785200635058992,0,0,0,0.65,0.2,0.4,0.04081632653061224,0.06593406593406594,0.0,0
335,0.14285714285714285,True,False,0,qwen35_9b,0.8350095785440612,0,0,0,1.0,0.0,1.0,0.5416666666666666,0.0,0.4251012145748988,2
336,1.0,True,False,0,gemma4_e4b,0.8350017101812792,0,0,0,0.95,0.95,1.0,0.21323529411764705,0.20353982300884957,0.44081632653061226,3
337,,False,False,1,gemma4_e4b,0.8444444444444444,0,1,1,0.95,0.95,1.0,0.21851851851851853,0.21030042918454936,0.41975308641975306,1
338,0.0,True,False,0,gemma4_e4b,0.832572298325723,0,0,0,0.95,0.98,1.0,0.24621212121212122,0.3712121212121212,0.45267489711934156,9
339,,False,False,0,granite41_8b,0.9301060338298409,0,0,0,0.8,0.95,0.3,0.058823529411764705,0.21030042918454936,0.0,1
340,,False,False,1,gemma4_e4b,0.8350017101812792,1,1,1,1.0,0.98,1.0,0.5316455696202531,0.3851851851851852,0.44081632653061226,3
341,,False,False,0,gemma4_e4b,0.8444444444444444,1,1,0,0.95,0.98,1.0,0.21851851851851853,0.3230769230769231,0.41975308641975306,1
342,0.0,True,False,1,gemma4_e4b,0.8424193773558565,1,1,1,0.95,0.95,1.0,0.23272727272727273,0.19480519480519481,0.4251012145748988,2
343,,False,True,0,granite41_8b,0.9785200635058992,0,0,0,0.3,0.2,0.1,0.0,0.06593406593406594,0.0,6
344,,False,False,0,qwen35_9b,0.8289181532807595,0,0,1,1.0,0.98,1.0,0.5540540540540541,0.35555555555555557,0.43902439024390244,6
345,0.2,True,False,1,granite41_8b,0.9285121681415929,0,1,1,0.1,0.95,0.9,0.0,0.2079646017699115,0.14545454545454545,8
346,,False,True,0,granite41_8b,0.936744290192566,0,0,0,0.3,0.95,0.3,0.0,0.19480519480519481,0.0,2
347,,False,True,1,granite41_8b,0.9709507042253521,1,1,0,0.7,0.85,0.3,0.0392156862745098,0.08450704225352113,0.0,7
348,,False,True,0,gemma4_e4b,0.9483471074380165,0,0,0,0.3,0.92,0.9,0.0,0.10126582278481013,0.14545454545454545,8
349,0.5,True,False,0,gemma4_e4b,0.8395633248117184,1,0,0,0.95,0.98,1.0,0.23741007194244604,0.35555555555555557,0.43902439024390244,5
350,0.0,True,False,0,gemma4_e4b,0.8350017101812792,1,0,0,0.95,0.98,1.0,0.21323529411764705,0.3851851851851852,0.44081632653061226,3
351,0.0,True,False,0,granite41_8b,0.9285121681415929,0,0,0,0.6,0.95,0.1,0.0,0.2079646017699115,0.0,8
352,0.0,True,False,1,gemma4_e4b,0.832572298325723,1,0,1,1.0,0.98,1.0,0.52,0.3712121212121212,0.45267489711934156,9
353,0.0,True,False,1,gemma4_e4b,0.8507925897631781,0,0,1,0.95,0.98,1.0,0.23880597014925373,0.375,0.42016806722689076,8
354,0.0,True,True,0,qwen35_9b,0.9350871459694989,0,0,0,0.95,0.92,0.1,0.21851851851851853,0.10526315789473684,0.0,1
355,0.0,True,False,1,qwen35_9b,0.8289181532807595,1,0,1,1.0,0.98,1.0,0.5540540540540541,0.35555555555555557,0.43902439024390244,5
356,0.0,True,False,0,qwen35_9b,0.9291118077324974,0,0,0,0.95,0.92,0.8,0.23272727272727273,0.08974358974358974,0.08771929824561403,2
357,0.0,True,False,1,qwen35_9b,0.8289181532807595,1,0,1,1.0,0.98,1.0,0.5540540540540541,0.35555555555555557,0.43902439024390244,6
358,,False,False,1,qwen35_9b,0.8289181532807595,1,1,1,1.0,0.98,1.0,0.5540540540540541,0.35555555555555557,0.43902439024390244,0
359,0.0,True,True,0,granite41_8b,0.936744290192566,0,0,0,0.0,0.95,0.1,0.0,0.19480519480519481,0.0,2
360,0.0,True,False,0,granite41_8b,0.9306372670193306,0,0,0,0.0,0.95,0.1,0.0,0.20353982300884957,0.0,3
361,0.0,True,False,1,gemma4_e4b,0.8424193773558565,0,0,1,0.95,0.98,1.0,0.23272727272727273,0.35294117647058826,0.4251012145748988,2
362,0.0,True,False,0,gemma4_e4b,0.8507925897631781,0,0,0,0.95,0.95,1.0,0.23880597014925373,0.2079646017699115,0.42016806722689076,8
363,,False,True,0,granite41_8b,0.9709507042253521,0,0,0,0.3,0.85,0.2,0.0,0.08450704225352113,0.0,7
364,0.4,True,False,1,qwen35_9b,0.8289181532807595,1,0,1,1.0,0.99,1.0,0.5540540540540541,0.5,0.43902439024390244,5
365,,False,False,1,gemma4_e4b,0.8444444444444444,1,1,1,0.95,0.98,1.0,0.21851851851851853,0.3230769230769231,0.41975308641975306,1
366,1.0,True,False,1,qwen35_9b,0.8385210803689065,1,0,1,1.0,0.98,1.0,0.5362318840579711,0.375,0.42016806722689076,8
367,1.0,True,False,0,qwen35_9b,0.8289181532807595,0,1,1,1.0,0.98,1.0,0.5540540540540541,0.35555555555555557,0.43902439024390244,5
368,1.0,True,False,1,qwen35_9b,0.839093137254902,1,1,1,1.0,0.98,1.0,0.5416666666666666,0.3230769230769231,0.41975308641975306,1
369,1.0,True,False,1,qwen35_9b,0.8289181532807595,1,1,1,1.0,0.99,1.0,0.5540540540540541,0.5,0.43902439024390244,6
370,1.0,True,False,1,gemma4_e4b,0.8444444444444444,0,1,1,0.95,0.98,1.0,0.21851851851851853,0.3230769230769231,0.41975308641975306,1
371,1.0,True,False,1,qwen35_9b,0.84061004784689,1,1,1,1.0,0.98,1.0,0.5394736842105263,0.3656716417910448,0.4322033898305085,7
372,,False,False,0,granite41_8b,0.9301060338298409,0,0,0,0.75,0.95,0.8,0.058823529411764705,0.21030042918454936,0.09090909090909091,1
373,0.0,True,False,0,granite41_8b,0.9311701880659392,0,0,0,0.3,0.95,0.1,0.0,0.2076271186440678,0.0,9
374,,False,False,0,gemma4_e4b,0.9238708455638671,1,0,0,0.95,0.92,0.95,0.21323529411764705,0.09876543209876543,0.2033898305084746,3
375,0.0,True,False,0,gemma4_e4b,0.8444444444444444,1,1,0,0.95,0.95,1.0,0.21851851851851853,0.21030042918454936,0.41975308641975306,1
376,0.0,True,False,0,gemma4_e4b,0.8395633248117184,0,0,0,0.95,0.95,1.0,0.23741007194244604,0.20425531914893616,0.43902439024390244,6
377,,False,True,0,granite41_8b,0.9693318729463307,0,0,0,0.2,0.92,0.8,0.0,0.09090909090909091,0.05555555555555555,4
378,0.0,True,True,0,granite41_8b,0.9785200635058992,0,0,0,0.85,0.92,0.3,0.04081632653061224,0.06593406593406594,0.0,6
379,0.5,True,False,0,gemma4_e4b,0.8507925897631781,1,1,0,0.95,0.98,1.0,0.23880597014925373,0.375,0.42016806722689076,8
380,1.0,True,False,0,gemma4_e4b,0.9238708455638671,1,0,0,0.95,0.95,0.95,0.21323529411764705,0.20353982300884957,0.2033898305084746,3
381,,False,False,0,granite41_8b,0.8853955375253549,0,0,1,0.95,0.98,0.9,0.23272727272727273,0.35294117647058826,0.1509433962264151,2
382,,False,False,1,qwen35_9b,0.9266920741027574,1,0,0,0.95,0.95,0.9,0.23741007194244604,0.20425531914893616,0.15178571428571427,6
383,1.0,True,False,1,qwen35_9b,0.8289181532807595,1,1,1,1.0,0.98,1.0,0.5540540540540541,0.35555555555555557,0.43902439024390244,5
384,1.0,True,False,1,gemma4_e4b,0.8395633248117184,1,0,1,0.95,0.98,1.0,0.23741007194244604,0.35555555555555557,0.43902439024390244,5
385,0.0,True,False,0,gemma4_e4b,0.8395633248117184,0,0,0,0.95,0.95,1.0,0.23741007194244604,0.20425531914893616,0.43902439024390244,5
386,,False,False,0,gemma4_e4b,0.9238708455638671,1,1,0,0.95,0.95,0.95,0.21323529411764705,0.20353982300884957,0.2033898305084746,3
387,,False,False,0,qwen35_9b,0.9266920741027574,0,0,1,0.9,0.95,0.5,0.23741007194244604,0.20425531914893616,0.07407407407407407,6
388,0.0,True,False,0,granite41_8b,0.9334578988608282,0,0,0,0.6,0.95,0.9,0.0,0.20425531914893616,0.15178571428571427,6
389,0.3333333333333333,True,False,1,gemma4_e4b,0.8395633248117184,0,0,1,0.95,0.98,1.0,0.23741007194244604,0.35555555555555557,0.43902439024390244,0
390,0.6666666666666666,True,False,0,gemma4_e4b,0.8395633248117184,0,0,0,0.95,0.98,1.0,0.23741007194244604,0.35555555555555557,0.43902439024390244,6
391,0.0,True,False,1,granite41_8b,0.8371104815864023,0,1,1,0.95,0.99,1.0,0.23741007194244604,0.5,0.43902439024390244,0
392,0.5,True,False,0,granite41_8b,0.8376436781609196,0,0,0,0.95,0.99,1.0,0.23272727272727273,0.5,0.4251012145748988,2
393,0.0,True,False,1,gemma4_e4b,0.8566964955256711,0,0,1,0.95,0.95,1.0,0.22743682310469315,0.20425531914893616,0.4066390041493776,4
394,0.0,True,True,0,gemma4_e4b,0.9445315661675435,0,0,0,0.7,0.92,0.95,0.04081632653061224,0.06593406593406594,0.15178571428571427,5
395,0.0,True,False,1,gemma4_e4b,0.832572298325723,0,1,1,1.0,0.98,1.0,0.52,0.3712121212121212,0.45267489711934156,9
396,,False,False,0,qwen35_9b,0.9266920741027574,0,1,0,0.95,0.95,0.95,0.23741007194244604,0.20425531914893616,0.15178571428571427,0
397,0.0,True,False,0,qwen35_9b,0.9266920741027574,0,0,0,0.95,0.95,0.8,0.23741007194244604,0.20425531914893616,0.07407407407407407,0
398,0.0,True,False,0,gemma4_e4b,0.8444444444444444,0,1,0,0.95,0.98,1.0,0.21851851851851853,0.3230769230769231,0.41975308641975306,1
399,0.0,True,False,0,gemma4_e4b,0.8395633248117184,1,0,0,0.95,0.95,1.0,0.23741007194244604,0.20425531914893616,0.43902439024390244,6
400,0.3333333333333333,True,False,0,qwen35_9b,0.9266920741027574,0,1,0,0.95,0.95,0.95,0.23741007194244604,0.20425531914893616,0.15178571428571427,5
401,1.0,True,False,1,granite41_8b,0.7975903614457831,1,1,1,1.0,1.0,1.0,0.5211267605633803,0.6,0.4066390041493776,4
402,1.0,True,False,1,granite41_8b,0.79375,0,1,1,0.95,0.99,1.0,0.23880597014925373,0.6,0.42016806722689076,8
403,1.0,True,False,1,granite41_8b,0.8200803212851405,1,1,1,1.0,0.99,1.0,0.5211267605633803,0.5333333333333333,0.4066390041493776,4
404,1.0,True,False,1,qwen35_9b,0.8350095785440612,1,1,1,1.0,0.99,1.0,0.5416666666666666,0.5,0.4251012145748988,2
405,1.0,True,False,1,qwen35_9b,0.8383251315119633,1,1,1,1.0,0.98,1.0,0.5211267605633803,0.3458646616541353,0.4066390041493776,4
406,1.0,True,False,0,qwen35_9b,0.8385210803689065,0,1,1,1.0,0.95,1.0,0.5362318840579711,0.2079646017699115,0.42016806722689076,8
407,1.0,True,False,1,gemma4_e4b,0.8507925897631781,1,0,1,0.95,0.95,1.0,0.23880597014925373,0.2079646017699115,0.42016806722689076,8
408,1.0,True,False,1,granite41_8b,0.9334578988608282,0,1,1,0.85,0.95,0.95,0.04081632653061224,0.20425531914893616,0.15178571428571427,0
409,0.0,True,False,0,granite41_8b,0.8743003731343284,0,0,0,0.1,0.98,0.3,0.0,0.3656716417910448,0.0,7
410,0.0,True,True,0,granite41_8b,0.9785200635058992,0,0,0,0.1,0.92,0.3,0.0,0.06593406593406594,0.0,5
411,,False,True,0,gemma4_e4b,1.0,0,1,0,0.1,0.2,0.2,0.0,0.0,0.0,4
412,,False,False,1,gemma4_e4b,0.8507925897631781,0,1,1,0.95,0.95,1.0,0.23880597014925373,0.2079646017699115,0.42016806722689076,8
413,,False,True,1,granite41_8b,0.936744290192566,0,1,0,0.0,0.95,0.2,0.0,0.19480519480519481,0.0,2
414,,False,True,0,granite41_8b,0.9693318729463307,0,0,0,0.3,0.92,0.3,0.0,0.09090909090909091,0.0,4
415,0.25,True,False,1,gemma4_e4b,0.8350017101812792,1,0,1,0.95,0.98,1.0,0.21323529411764705,0.3851851851851852,0.44081632653061226,3
416,0.0,True,False,1,gemma4_e4b,0.8395633248117184,0,1,1,0.95,0.95,1.0,0.23741007194244604,0.20425531914893616,0.43902439024390244,5
417,0.0,True,False,0,gemma4_e4b,0.8424193773558565,1,0,0,0.95,0.95,1.0,0.23272727272727273,0.19480519480519481,0.4251012145748988,2
418,,False,False,0,gemma4_e4b,0.927185960591133,0,0,0,0.95,0.95,0.95,0.23272727272727273,0.19480519480519481,0.19642857142857142,2
419,,True,False,0,granite41_8b,0.9218079399141631,0,0,0,0.6,0.95,0.3,0.0,0.22746781115879827,0.0,7
420,,False,False,1,qwen35_9b,0.8289181532807595,1,0,1,1.0,0.99,1.0,0.5540540540540541,0.5,0.43902439024390244,5
421,0.0,True,False,1,gemma4_e4b,0.8507925897631781,1,0,1,0.95,0.98,1.0,0.23880597014925373,0.375,0.42016806722689076,8
422,0.3333333333333333,True,False,1,qwen35_9b,0.8350095785440612,1,1,1,1.0,0.98,1.0,0.5416666666666666,0.35294117647058826,0.4251012145748988,2
423,0.0,True,False,0,granite41_8b,0.8035714285714286,0,0,0,1.0,0.99,1.0,0.5394736842105263,0.5714285714285714,0.4322033898305085,7
424,1.0,True,False,0,qwen35_9b,0.9266920741027574,0,0,1,0.9,0.95,0.9,0.23741007194244604,0.20425531914893616,0.15178571428571427,5
425,0.5,True,False,1,qwen35_9b,0.8289181532807595,1,1,1,1.0,0.98,1.0,0.5540540540540541,0.35555555555555557,0.43902439024390244,5
426,1.0,True,False,0,granite41_8b,0.9285121681415929,1,0,1,0.9,0.95,0.9,0.2222222222222222,0.2079646017699115,0.14545454545454545,8
427,,False,False,0,granite41_8b,0.9334578988608282,0,0,0,0.85,0.95,0.95,0.04081632653061224,0.20425531914893616,0.15178571428571427,5
428,0.0,True,False,1,gemma4_e4b,0.8424193773558565,0,1,1,0.95,0.98,1.0,0.23272727272727273,0.35294117647058826,0.4251012145748988,2
429,,False,False,1,qwen35_9b,0.8289181532807595,1,0,1,1.0,0.95,1.0,0.5540540540540541,0.20425531914893616,0.43902439024390244,0
430,,False,True,1,granite41_8b,0.9785200635058992,0,1,0,0.6,0.92,0.3,0.0,0.06593406593406594,0.0,0
431,,False,False,0,gemma4_e4b,0.8395633248117184,0,1,0,0.95,0.98,1.0,0.23741007194244604,0.35555555555555557,0.43902439024390244,6
432,1.0,True,False,1,gemma4_e4b,0.8507925897631781,0,0,1,0.85,0.98,1.0,0.057692307692307696,0.375,0.42016806722689076,8
433,0.0,True,False,1,gemma4_e4b,0.8444444444444444,1,0,1,0.95,0.98,1.0,0.21851851851851853,0.3230769230769231,0.41975308641975306,1
434,0.0,True,False,1,gemma4_e4b,0.8424193773558565,0,1,1,0.95,0.95,1.0,0.23272727272727273,0.19480519480519481,0.4251012145748988,2
435,0.0,True,False,1,granite41_8b,0.9306372670193306,1,1,0,0.65,0.95,0.8,0.0,0.20353982300884957,0.08888888888888889,3
436,1.0,True,False,0,gemma4_e4b,0.8440629815100154,0,0,0,0.95,0.95,1.0,0.22676579925650558,0.22746781115879827,0.4322033898305085,7
437,0.5,True,False,0,granite41_8b,0.9301060338298409,0,0,0,0.95,0.95,0.6,0.21851851851851853,0.21030042918454936,0.09090909090909091,1
438,0.75,True,False,0,granite41_8b,0.9334578988608282,0,0,1,0.6,0.95,0.3,0.0,0.20425531914893616,0.0,5
439,0.0,True,False,1,gemma4_e4b,0.8566964955256711,0,0,1,0.95,0.98,1.0,0.22743682310469315,0.3458646616541353,0.4066390041493776,4
440,,False,False,1,qwen35_9b,0.8385210803689065,1,1,1,1.0,0.95,1.0,0.5362318840579711,0.2079646017699115,0.42016806722689076,8
441,,False,False,0,qwen35_9b,0.9266920741027574,0,0,0,0.95,0.95,0.95,0.23741007194244604,0.20425531914893616,0.15178571428571427,6
442,0.16666666666666666,True,False,0,gemma4_e4b,0.8566964955256711,0,0,0,0.95,0.98,1.0,0.22743682310469315,0.3458646616541353,0.4066390041493776,4
443,0.25,True,False,0,granite41_8b,0.9218079399141631,1,0,1,0.95,0.95,0.9,0.22676579925650558,0.22746781115879827,0.14754098360655737,7
444,1.0,True,False,0,gemma4_e4b,0.8424193773558565,0,0,0,0.95,0.98,1.0,0.23272727272727273,0.35294117647058826,0.4251012145748988,2
445,0.6666666666666666,True,False,0,gemma4_e4b,0.8350017101812792,0,0,0,0.95,0.98,1.0,0.21323529411764705,0.3851851851851852,0.44081632653061226,3
446,0.0,True,True,0,gemma4_e4b,0.9319451498222449,0,0,0,0.95,0.92,0.9,0.21323529411764705,0.09876543209876543,0.18181818181818182,3
447,0.0,True,False,0,qwen35_9b,0.9266920741027574,0,0,0,0.95,0.95,0.95,0.23741007194244604,0.20425531914893616,0.15178571428571427,5
448,,False,False,1,qwen35_9b,0.839093137254902,1,1,1,1.0,0.95,1.0,0.5416666666666666,0.21030042918454936,0.41975308641975306,1
449,,False,False,1,qwen35_9b,0.8447123287671233,1,0,1,1.0,0.98,0.95,0.52,0.3712121212121212,0.1896551724137931,9
450,,False,False,0,gemma4_e4b,0.832572298325723,0,0,0,0.95,0.95,1.0,0.24621212121212122,0.2076271186440678,0.45267489711934156,9
451,1.0,True,False,0,qwen35_9b,0.929439780783785,0,0,0,0.95,0.95,0.95,0.22743682310469315,0.20425531914893616,0.15254237288135594,4
452,,False,False,0,granite41_8b,0.9218079399141631,0,0,1,0.95,0.95,0.95,0.22676579925650558,0.22746781115879827,0.1864406779661017,7
453,,False,False,0,granite41_8b,0.9334578988608282,0,0,0,0.3,0.95,0.6,0.0,0.20425531914893616,0.07407407407407407,5
454,,False,True,0,gemma4_e4b,0.9445315661675435,0,0,0,0.3,0.92,0.95,0.0,0.06593406593406594,0.15178571428571427,6
455,1.0,True,False,0,granite41_8b,0.9285121681415929,0,0,0,0.3,0.95,0.4,0.0,0.2079646017699115,0.0,8
456,0.0,True,False,0,granite41_8b,0.9218079399141631,0,0,0,0.65,0.95,0.9,0.0392156862745098,0.22746781115879827,0.14754098360655737,7
457,,False,False,1,gemma4_e4b,0.8440629815100154,0,0,1,0.95,0.98,1.0,0.22676579925650558,0.3656716417910448,0.4322033898305085,7
458,,False,False,0,granite41_8b,0.9311701880659392,0,0,0,0.65,0.95,0.1,0.06,0.2076271186440678,0.0,9
459,0.0,True,False,0,granite41_8b,0.9218079399141631,0,0,0,0.95,0.95,0.95,0.22676579925650558,0.22746781115879827,0.1864406779661017,7
460,0.2857142857142857,True,False,0,qwen35_9b,0.9280868385345997,0,0,0,0.95,0.95,0.9,0.23880597014925373,0.2079646017699115,0.14545454545454545,8
461,0.0,True,False,0,qwen35_9b,0.9280868385345997,0,0,0,0.95,0.92,0.95,0.23880597014925373,0.10126582278481013,0.19672131147540983,8
462,,False,True,0,gemma4_e4b,1.0,0,0,0,0.2,0.0,0.3,0.0,0.0,0.0,3
463,,False,False,0,granite41_8b,0.9310945911304793,0,0,0,0.85,0.95,0.3,0.05660377358490566,0.20425531914893616,0.0,4
464,,False,False,0,gemma4_e4b,0.8395633248117184,0,0,0,0.95,0.95,1.0,0.23741007194244604,0.20425531914893616,0.43902439024390244,5
465,0.0,True,False,0,granite41_8b,0.9334578988608282,0,0,0,0.2,0.95,0.95,0.0,0.20425531914893616,0.15178571428571427,6
466,,False,True,0,granite41_8b,0.965015479876161,0,0,0,0.1,0.65,0.1,0.0,0.10526315789473684,0.0,1
467,,False,False,0,qwen35_9b,0.8350095785440612,0,0,0,1.0,0.92,0.9,0.5416666666666666,0.08974358974358974,0.1509433962264151,2
468,,False,True,0,granite41_8b,0.9785200635058992,0,0,0,0.2,0.85,0.2,0.0,0.06593406593406594,0.0,5
469,,False,True,0,gemma4_e4b,0.9674833635813672,0,0,0,0.0,0.85,0.8,0.0,0.08974358974358974,0.08771929824561403,2
470,,False,True,0,gemma4_e4b,0.9729304375196727,0,0,0,0.2,0.92,0.7,0.0,0.06593406593406594,0.07407407407407407,0
471,0.0,True,False,0,qwen35_9b,0.9291118077324974,0,0,0,0.95,0.95,0.9,0.23272727272727273,0.19480519480519481,0.1509433962264151,2
472,,False,True,0,granite41_8b,0.9663425063797504,0,0,0,0.2,0.92,0.8,0.0,0.09876543209876543,0.08888888888888889,3
473,0.5,True,False,0,gemma4_e4b,0.832572298325723,0,0,0,0.95,0.95,1.0,0.24621212121212122,0.2076271186440678,0.45267489711934156,9
474,0.6666666666666666,True,False,0,gemma4_e4b,0.8350017101812792,0,0,0,0.95,0.98,1.0,0.21323529411764705,0.3851851851851852,0.44081632653061226,3
475,,False,True,0,granite41_8b,0.9856770833333334,0,0,0,0.0,0.78,0.2,0.0,0.041666666666666664,0.0,7
476,1.0,True,False,1,qwen35_9b,0.8289181532807595,1,1,0,1.0,0.99,1.0,0.5540540540540541,0.5,0.43902439024390244,5
477,0.5,True,False,0,qwen35_9b,0.8289181532807595,0,0,0,1.0,0.98,1.0,0.5540540540540541,0.35555555555555557,0.43902439024390244,0
478,,False,False,0,granite41_8b,0.9334578988608282,0,0,0,0.0,0.95,0.1,0.0,0.20425531914893616,0.0,5
479,1.0,True,True,0,granite41_8b,0.9663425063797504,0,0,1,0.3,0.92,0.5,0.0,0.09876543209876543,0.0,3
480,0.3333333333333333,True,False,1,gemma4_e4b,0.8424193773558565,1,1,1,0.95,0.95,1.0,0.23272727272727273,0.19480519480519481,0.4251012145748988,2
481,0.0,True,False,0,gemma4_e4b,0.832572298325723,0,0,0,0.95,0.95,1.0,0.24621212121212122,0.2076271186440678,0.45267489711934156,9
482,0.0,True,True,0,gemma4_e4b,0.9729304375196727,0,0,0,0.3,0.85,0.6,0.0,0.06593406593406594,0.07407407407407407,6
483,,True,False,0,granite41_8b,0.9218079399141631,0,0,0,0.85,0.95,0.95,0.0392156862745098,0.22746781115879827,0.1864406779661017,7
484,0.2,True,True,0,granite41_8b,0.9694664744051911,0,0,0,0.75,0.85,0.1,0.06,0.09210526315789473,0.0,9
485,1.0,True,False,0,qwen35_9b,0.8289181532807595,0,1,1,1.0,0.98,1.0,0.5540540540540541,0.35555555555555557,0.43902439024390244,6
486,1.0,True,False,0,gemma4_e4b,0.832572298325723,0,0,0,0.95,0.95,1.0,0.24621212121212122,0.2076271186440678,0.45267489711934156,9
487,0.3333333333333333,True,True,1,granite41_8b,0.9785200635058992,0,1,1,0.85,0.92,0.3,0.04081632653061224,0.06593406593406594,0.0,6
488,0.5,True,False,0,granite41_8b,0.9334578988608282,0,0,0,0.3,0.95,0.3,0.0,0.20425531914893616,0.0,6
489,1.0,True,False,1,granite41_8b,0.8769406392694064,1,1,0,0.95,0.98,0.7,0.24621212121212122,0.3712121212121212,0.07142857142857142,9
490,0.6666666666666666,True,False,1,qwen35_9b,0.8383251315119633,1,1,1,1.0,0.98,1.0,0.5211267605633803,0.3458646616541353,0.4066390041493776,4
491,1.0,True,False,0,granite41_8b,0.79375,1,0,1,1.0,0.99,1.0,0.5362318840579711,0.6,0.42016806722689076,8
492,1.0,True,False,1,qwen35_9b,0.8385210803689065,1,0,0,1.0,0.98,1.0,0.5362318840579711,0.375,0.42016806722689076,8
493,0.0,True,True,0,gemma4_e4b,0.9729304375196727,0,0,0,0.1,0.92,0.6,0.0,0.06593406593406594,0.07407407407407407,6
494,0.6,True,True,0,qwen35_9b,0.9350871459694989,0,0,0,0.95,0.92,0.9,0.21851851851851853,0.10526315789473684,0.16666666666666666,1
495,0.5,True,False,0,gemma4_e4b,0.927185960591133,0,0,0,0.95,0.95,0.95,0.23272727272727273,0.19480519480519481,0.19642857142857142,2
496,0.3333333333333333,True,False,0,granite41_8b,0.9218079399141631,0,0,0,0.6,0.95,0.3,0.0,0.22746781115879827,0.0,7
497,0.6666666666666666,True,False,0,gemma4_e4b,0.8440629815100154,1,0,0,0.95,0.92,1.0,0.22676579925650558,0.08450704225352113,0.4322033898305085,7
498,0.5,True,True,0,granite41_8b,0.9709507042253521,0,0,0,0.1,0.92,0.3,0.0,0.08450704225352113,0.0,7
499,0.6666666666666666,True,False,0,qwen35_9b,0.9266920741027574,0,0,0,0.95,0.92,0.9,0.23741007194244604,0.06593406593406594,0.15178571428571427,6
500,1.0,True,True,1,gemma4_e4b,0.9729304375196727,0,1,1,0.3,0.92,0.8,0.0,0.06593406593406594,0.07407407407407407,5
501,0.3333333333333333,True,False,0,qwen35_9b,0.8350095785440612,0,0,1,1.0,0.98,1.0,0.5416666666666666,0.35294117647058826,0.4251012145748988,2
502,,False,True,0,granite41_8b,0.9694664744051911,0,0,0,0.1,0.92,0.1,0.0,0.09210526315789473,0.0,9
503,0.6666666666666666,True,False,0,gemma4_e4b,0.832572298325723,0,1,0,0.95,0.98,1.0,0.24621212121212122,0.3712121212121212,0.45267489711934156,9
504,0.0,True,False,0,granite41_8b,0.8687357748810263,0,0,0,0.95,0.98,0.9,0.21323529411764705,0.3851851851851852,0.18181818181818182,3
505,0.5,True,False,1,qwen35_9b,0.8289181532807595,1,1,1,1.0,0.98,1.0,0.5540540540540541,0.35555555555555557,0.43902439024390244,5
506,1.0,True,False,0,gemma4_e4b,0.832572298325723,0,0,0,0.95,0.98,1.0,0.24621212121212122,0.3712121212121212,0.45267489711934156,9
507,1.0,True,False,0,gemma4_e4b,0.927185960591133,0,0,0,0.95,0.95,0.95,0.23272727272727273,0.19480519480519481,0.19642857142857142,2
508,1.0,True,False,0,granite41_8b,0.9334578988608282,0,0,0,0.0,0.95,0.3,0.0,0.20425531914893616,0.0,5
509,0.6666666666666666,True,True,0,granite41_8b,0.936744290192566,0,0,0,0.85,0.95,0.9,0.061224489795918366,0.19480519480519481,0.1509433962264151,2
510,,False,True,0,granite41_8b,0.9709507042253521,0,0,0,0.75,0.92,0.1,0.0392156862745098,0.08450704225352113,0.0,7
511,0.6666666666666666,True,False,0,qwen35_9b,0.9266920741027574,0,0,0,0.95,0.95,0.95,0.23741007194244604,0.20425531914893616,0.15178571428571427,6
512,0.3333333333333333,True,False,1,gemma4_e4b,0.8350017101812792,0,0,1,0.95,0.98,1.0,0.21323529411764705,0.3851851851851852,0.44081632653061226,3
513,0.6666666666666666,True,False,0,granite41_8b,0.9311701880659392,0,0,0,0.2,0.95,0.1,0.0,0.2076271186440678,0.0,9
514,0.6666666666666666,True,False,0,gemma4_e4b,0.8566964955256711,0,0,0,0.95,0.95,1.0,0.22743682310469315,0.20425531914893616,0.4066390041493776,4
515,0.6666666666666666,True,False,0,granite41_8b,0.9306372670193306,0,0,0,0.85,0.95,0.9,0.045454545454545456,0.20353982300884957,0.18181818181818182,3
516,1.0,True,False,0,granite41_8b,0.9301060338298409,0,0,0,0.95,0.95,0.9,0.21851851851851853,0.21030042918454936,0.16666666666666666,1
517,1.0,True,False,0,gemma4_e4b,0.8424193773558565,0,0,0,0.95,0.98,1.0,0.23272727272727273,0.35294117647058826,0.4251012145748988,2
518,,False,True,0,granite41_8b,0.9785200635058992,0,0,0,0.2,0.85,0.1,0.0,0.06593406593406594,0.0,5
519,0.3333333333333333,True,False,0,gemma4_e4b,0.8507925897631781,0,0,0,0.9,0.95,1.0,0.2222222222222222,0.2079646017699115,0.42016806722689076,8
520,0.2,True,False,0,gemma4_e4b,0.8395633248117184,0,0,0,0.95,0.95,1.0,0.23741007194244604,0.20425531914893616,0.43902439024390244,6
521,0.5,True,False,0,gemma4_e4b,0.8395633248117184,0,0,0,0.95,0.98,1.0,0.23741007194244604,0.35555555555555557,0.43902439024390244,6
522,0.0,True,False,1,gemma4_e4b,0.8350017101812792,1,0,1,0.95,0.95,1.0,0.21323529411764705,0.20353982300884957,0.44081632653061226,3
523,,False,True,0,granite41_8b,0.9785200635058992,0,0,0,0.2,0.3,0.1,0.0,0.06593406593406594,0.0,0
524,1.0,True,True,1,granite41_8b,0.9694664744051911,0,1,0,0.6,0.85,0.7,0.0,0.09210526315789473,0.07142857142857142,9
525,1.0,True,False,0,gemma4_e4b,0.8440629815100154,1,0,0,0.95,0.98,1.0,0.22676579925650558,0.3656716417910448,0.4322033898305085,7
526,,False,False,0,granite41_8b,0.8743003731343284,0,0,0,0.6,0.98,0.6,0.0,0.3656716417910448,0.0851063829787234,7
527,0.75,True,False,1,gemma4_e4b,0.8395633248117184,1,0,1,0.95,0.95,1.0,0.23741007194244604,0.20425531914893616,0.43902439024390244,5
528,0.0,True,False,0,gemma4_e4b,0.927185960591133,0,0,0,0.95,0.95,0.95,0.23272727272727273,0.19480519480519481,0.19642857142857142,2
529,0.6666666666666666,True,False,0,qwen35_9b,0.9264736405147365,0,0,0,0.95,0.92,0.95,0.24621212121212122,0.09210526315789473,0.1896551724137931,9
530,1.0,True,False,0,gemma4_e4b,0.8566964955256711,1,0,0,0.95,0.98,1.0,0.22743682310469315,0.3458646616541353,0.4066390041493776,4
531,0.0,True,False,0,qwen35_9b,0.9264736405147365,0,0,0,0.95,0.95,0.95,0.24621212121212122,0.2076271186440678,0.1896551724137931,9
532,0.5,True,False,0,qwen35_9b,0.9266920741027574,0,0,0,0.95,0.95,0.9,0.23741007194244604,0.20425531914893616,0.15178571428571427,0
533,0.0,True,False,0,granite41_8b,0.9301060338298409,0,0,0,0.95,0.95,0.3,0.21851851851851853,0.21030042918454936,0.0,1
534,0.0,True,True,0,granite41_8b,0.9694664744051911,0,0,0,0.1,0.85,0.3,0.0,0.09210526315789473,0.0,9
535,0.2,True,False,0,gemma4_e4b,0.8440629815100154,0,0,0,0.95,0.95,1.0,0.22676579925650558,0.22746781115879827,0.4322033898305085,7
536,0.3333333333333333,True,True,0,granite41_8b,0.936744290192566,0,0,0,0.85,0.95,0.8,0.061224489795918366,0.19480519480519481,0.08771929824561403,2
537,1.0,True,False,0,granite41_8b,0.87109375,0,0,0,0.95,0.98,0.2,0.23880597014925373,0.375,0.0,8
538,1.0,True,True,0,gemma4_e4b,0.9729304375196727,0,0,0,0.4,0.92,0.8,0.0,0.06593406593406594,0.07407407407407407,0
539,0.6666666666666666,True,True,0,granite41_8b,0.9797054597701149,0,0,0,0.1,0.3,0.3,0.0,0.0625,0.0,2
540,0.3333333333333333,True,False,0,granite41_8b,0.9301060338298409,0,0,0,0.95,0.95,0.9,0.21851851851851853,0.21030042918454936,0.16666666666666666,1
541,0.6666666666666666,True,True,0,granite41_8b,0.9693318729463307,0,0,0,0.2,0.92,0.1,0.0,0.09090909090909091,0.0,4
542,,False,False,0,gemma4_e4b,0.9238708455638671,0,0,0,0.7,0.95,0.95,0.045454545454545456,0.20353982300884957,0.2033898305084746,3
543,1.0,True,False,0,qwen35_9b,0.839093137254902,0,0,0,1.0,0.95,1.0,0.5416666666666666,0.21030042918454936,0.41975308641975306,1
544,1.0,True,False,0,qwen35_9b,0.8383251315119633,0,0,1,1.0,0.95,1.0,0.5211267605633803,0.20425531914893616,0.4066390041493776,4
545,1.0,True,False,0,granite41_8b,0.9306372670193306,0,0,0,0.9,0.95,0.9,0.21323529411764705,0.20353982300884957,0.18181818181818182,3
546,,False,False,0,granite41_8b,0.9306372670193306,0,0,0,0.1,0.95,0.2,0.0,0.20353982300884957,0.0,3
547,0.6666666666666666,True,False,0,gemma4_e4b,0.8395633248117184,0,0,0,0.95,0.98,1.0,0.23741007194244604,0.35555555555555557,0.43902439024390244,5
548,1.0,True,False,0,qwen35_9b,0.8350095785440612,0,1,1,1.0,0.98,1.0,0.5416666666666666,0.35294117647058826,0.4251012145748988,2
549,0.0,True,False,0,qwen35_9b,0.9266920741027574,0,0,0,0.95,0.3,0.3,0.23741007194244604,0.06593406593406594,0.0,0
550,0.5,True,False,0,granite41_8b,0.9334578988608282,0,0,1,0.7,0.95,0.95,0.04081632653061224,0.20425531914893616,0.15178571428571427,0
551,0.6666666666666666,True,False,0,qwen35_9b,0.8289181532807595,0,0,0,1.0,0.98,1.0,0.5540540540540541,0.35555555555555557,0.43902439024390244,0
552,1.0,True,True,0,granite41_8b,0.936744290192566,0,0,0,0.75,0.95,0.4,0.061224489795918366,0.19480519480519481,0.0,2
553,1.0,True,False,0,granite41_8b,0.8853955375253549,1,0,0,0.95,0.98,0.9,0.23272727272727273,0.35294117647058826,0.1509433962264151,2
554,0.6666666666666666,True,False,1,granite41_8b,0.9306372670193306,0,1,0,0.3,0.95,0.3,0.0,0.20353982300884957,0.0,3
555,1.0,True,False,1,gemma4_e4b,0.8440629815100154,0,0,1,0.95,0.98,1.0,0.22676579925650558,0.3656716417910448,0.4322033898305085,7
556,,False,True,0,granite41_8b,0.9797054597701149,0,0,0,0.85,0.3,0.2,0.061224489795918366,0.0625,0.0,2
557,0.0,True,False,0,gemma4_e4b,0.8507925897631781,0,0,0,0.95,0.95,1.0,0.23880597014925373,0.2079646017699115,0.42016806722689076,8
558,0.125,True,False,0,gemma4_e4b,0.8350017101812792,0,0,0,0.95,0.98,1.0,0.21323529411764705,0.3851851851851852,0.44081632653061226,3
559,0.25,True,False,0,gemma4_e4b,0.832572298325723,0,1,0,0.95,0.98,1.0,0.24621212121212122,0.3712121212121212,0.45267489711934156,9
560,0.047619047619047616,True,False,0,gemma4_e4b,0.8444444444444444,0,0,0,0.95,0.98,1.0,0.21851851851851853,0.3230769230769231,0.41975308641975306,1
561,0.2,True,False,1,gemma4_e4b,0.8395633248117184,1,1,1,0.95,0.98,1.0,0.23741007194244604,0.35555555555555557,0.43902439024390244,0
562,0.3333333333333333,True,False,0,qwen35_9b,0.929439780783785,0,0,0,0.95,0.95,0.7,0.22743682310469315,0.20425531914893616,0.05555555555555555,4
563,0.5,True,False,1,granite41_8b,0.9285121681415929,0,1,0,0.65,0.95,0.2,0.057692307692307696,0.2079646017699115,0.0,8
564,0.25,True,False,0,qwen35_9b,0.8289181532807595,0,0,0,1.0,0.98,1.0,0.5540540540540541,0.35555555555555557,0.43902439024390244,5
565,0.0,True,False,0,qwen35_9b,0.9280868385345997,0,0,0,0.95,0.95,0.9,0.23880597014925373,0.2079646017699115,0.14545454545454545,8
566,1.0,True,False,1,gemma4_e4b,0.8424193773558565,0,0,1,0.95,0.98,1.0,0.23272727272727273,0.35294117647058826,0.4251012145748988,2
567,,False,True,0,gemma4_e4b,0.9445315661675435,0,1,0,0.2,0.92,0.9,0.0,0.06593406593406594,0.15178571428571427,0
568,1.0,True,False,0,gemma4_e4b,0.8440629815100154,0,0,0,0.95,0.95,1.0,0.22676579925650558,0.22746781115879827,0.4322033898305085,7
569,0.3333333333333333,True,False,0,qwen35_9b,0.9280868385345997,0,0,0,0.95,0.0,0.95,0.23880597014925373,0.0,0.19672131147540983,8
570,1.0,True,False,0,qwen35_9b,0.8289181532807595,0,0,0,1.0,0.98,1.0,0.5540540540540541,0.35555555555555557,0.43902439024390244,0
571,0.0,True,False,0,qwen35_9b,0.9264736405147365,0,0,0,0.95,0.95,0.9,0.24621212121212122,0.2076271186440678,0.17543859649122806,9
572,0.6666666666666666,True,False,0,granite41_8b,0.9285121681415929,0,0,0,0.2,0.95,0.3,0.0,0.2079646017699115,0.0,8
573,0.6,True,False,1,gemma4_e4b,0.8350017101812792,1,0,1,0.95,0.98,1.0,0.21323529411764705,0.3851851851851852,0.44081632653061226,3
574,0.5,True,False,0,gemma4_e4b,0.8395633248117184,0,0,0,0.95,0.98,1.0,0.23741007194244604,0.35555555555555557,0.43902439024390244,6
575,0.0,True,True,0,gemma4_e4b,1.0,0,0,0,0.3,0.2,0.3,0.0,0.0,0.0,4
576,0.0,True,False,0,gemma4_e4b,0.8395633248117184,0,0,0,0.95,0.95,1.0,0.23741007194244604,0.20425531914893616,0.43902439024390244,5
577,1.0,True,False,0,qwen35_9b,0.8289181532807595,0,0,0,1.0,0.95,0.95,0.5540540540540541,0.20425531914893616,0.15178571428571427,6
578,0.0,True,False,0,granite41_8b,0.9310945911304793,0,0,1,0.85,0.95,0.95,0.05660377358490566,0.20425531914893616,0.15254237288135594,4
579,0.5,True,False,0,gemma4_e4b,0.8350017101812792,1,1,0,0.95,0.95,1.0,0.21323529411764705,0.20353982300884957,0.44081632653061226,3
580,0.0,True,True,0,granite41_8b,0.9785200635058992,0,0,0,0.0,0.3,0.1,0.0,0.06593406593406594,0.0,0
581,0.0,True,False,0,gemma4_e4b,0.8566964955256711,1,1,0,0.95,0.95,1.0,0.22743682310469315,0.20425531914893616,0.4066390041493776,4
582,1.0,True,False,0,qwen35_9b,0.9264736405147365,0,0,0,0.95,0.95,0.9,0.24621212121212122,0.2076271186440678,0.17543859649122806,9
583,1.0,True,False,1,qwen35_9b,0.8385210803689065,1,1,1,1.0,0.95,1.0,0.5362318840579711,0.2079646017699115,0.42016806722689076,8
584,0.0,True,False,0,gemma4_e4b,0.8440629815100154,0,0,0,0.85,0.95,1.0,0.0392156862745098,0.22746781115879827,0.4322033898305085,7
585,0.0,True,False,0,qwen35_9b,0.839093137254902,0,1,0,1.0,0.98,1.0,0.5416666666666666,0.3230769230769231,0.41975308641975306,1
586,,False,False,0,qwen35_9b,0.9266920741027574,0,0,0,0.9,0.95,0.95,0.23741007194244604,0.20425531914893616,0.15178571428571427,5
587,0.5,True,False,0,granite41_8b,0.9306372670193306,0,0,0,0.3,0.95,0.9,0.0,0.20353982300884957,0.18181818181818182,3
588,0.5,True,False,0,gemma4_e4b,0.8440629815100154,0,0,0,0.95,0.95,1.0,0.22676579925650558,0.22746781115879827,0.4322033898305085,7
589,1.0,True,False,0,granite41_8b,0.9311701880659392,0,0,0,0.5,0.95,0.1,0.0,0.2076271186440678,0.0,9
590,0.5,True,False,0,gemma4_e4b,0.832572298325723,0,0,0,0.95,0.0,1.0,0.24621212121212122,0.0,0.45267489711934156,9
591,0.25,True,False,0,gemma4_e4b,0.8350017101812792,1,0,0,0.95,0.95,1.0,0.21323529411764705,0.20353982300884957,0.44081632653061226,3
592,0.4,True,False,0,qwen35_9b,0.9266920741027574,0,0,0,0.95,0.95,0.95,0.23741007194244604,0.20425531914893616,0.15178571428571427,5
593,0.0,True,False,0,qwen35_9b,0.9291118077324974,0,0,0,0.95,0.95,0.9,0.23272727272727273,0.19480519480519481,0.1509433962264151,2
594,1.0,True,False,1,gemma4_e4b,0.8444444444444444,1,0,1,0.95,0.95,1.0,0.21851851851851853,0.21030042918454936,0.41975308641975306,1
595,0.5,True,True,0,granite41_8b,0.9693318729463307,0,0,0,0.2,0.92,0.6,0.0,0.09090909090909091,0.05555555555555555,4
596,,False,True,0,granite41_8b,0.9708591217211907,0,0,0,0.2,0.92,0.1,0.0,0.08974358974358974,0.0,2
597,,False,True,0,granite41_8b,0.9693318729463307,0,0,0,0.1,0.78,0.2,0.0,0.09090909090909091,0.0,4
598,0.0,True,False,0,granite41_8b,0.9306372670193306,0,0,0,0.85,0.95,0.9,0.045454545454545456,0.20353982300884957,0.18181818181818182,3
599,0.0,True,True,0,granite41_8b,0.965015479876161,0,0,0,0.85,0.92,0.3,0.058823529411764705,0.10526315789473684,0.0,1
600,0.25,True,False,0,qwen35_9b,0.9266920741027574,0,0,0,0.95,0.95,0.95,0.23741007194244604,0.20425531914893616,0.15178571428571427,6
601,0.0,True,True,0,granite41_8b,0.9785200635058992,0,0,0,0.4,0.6,0.1,0.0,0.06593406593406594,0.0,0
602,0.0,True,True,0,gemma4_e4b,0.9729304375196727,0,0,0,0.2,0.92,0.6,0.0,0.06593406593406594,0.07407407407407407,0
603,0.5,True,True,0,granite41_8b,0.9785200635058992,0,0,0,0.3,0.6,0.2,0.0,0.06593406593406594,0.0,6
604,0.0,True,False,0,granite41_8b,0.9310945911304793,0,0,0,0.2,0.95,0.3,0.0,0.20425531914893616,0.0,4
605,1.0,True,False,0,qwen35_9b,0.9266920741027574,0,0,0,0.95,0.92,0.9,0.23741007194244604,0.06593406593406594,0.15178571428571427,5
606,0.0,True,True,0,granite41_8b,0.9663425063797504,0,0,0,0.3,0.92,0.1,0.0,0.09876543209876543,0.0,3
607,0.2,True,False,0,gemma4_e4b,0.927185960591133,0,0,0,0.95,0.95,0.95,0.23272727272727273,0.19480519480519481,0.19642857142857142,2
608,0.0,True,False,0,granite41_8b,0.9334578988608282,0,0,0,0.2,0.95,0.8,0.0,0.20425531914893616,0.07407407407407407,0
609,1.0,True,False,0,qwen35_9b,0.8385210803689065,0,0,0,1.0,0.98,1.0,0.5362318840579711,0.375,0.42016806722689076,8
610,0.0,True,False,0,gemma4_e4b,0.8507925897631781,0,0,0,0.95,0.95,1.0,0.23880597014925373,0.2079646017699115,0.42016806722689076,8
611,0.5,True,False,0,granite41_8b,0.9306372670193306,0,0,0,0.95,0.95,0.9,0.21323529411764705,0.20353982300884957,0.18181818181818182,3
612,0.0,True,False,0,granite41_8b,0.9285121681415929,0,0,0,0.85,0.95,0.9,0.057692307692307696,0.2079646017699115,0.14545454545454545,8
613,0.0,True,False,0,granite41_8b,0.9310945911304793,0,0,0,0.1,0.95,0.6,0.0,0.20425531914893616,0.05555555555555555,4
614,0.0,True,False,0,granite41_8b,0.9334578988608282,0,0,0,0.2,0.95,0.3,0.0,0.20425531914893616,0.0,6
615,1.0,True,True,0,granite41_8b,0.9693318729463307,0,0,0,0.3,0.85,0.3,0.0,0.09090909090909091,0.0,4
616,0.3333333333333333,True,True,0,gemma4_e4b,0.9445315661675435,0,0,0,0.85,0.92,0.95,0.04081632653061224,0.06593406593406594,0.15178571428571427,6
617,0.1111111111111111,True,False,0,qwen35_9b,0.9266920741027574,0,0,0,0.95,0.95,0.9,0.23741007194244604,0.20425531914893616,0.15178571428571427,6
618,0.1,True,False,0,qwen35_9b,0.8385210803689065,0,0,0,1.0,0.95,1.0,0.5362318840579711,0.2079646017699115,0.42016806722689076,8
619,0.4,True,False,1,gemma4_e4b,0.927185960591133,1,0,1,0.95,0.95,0.95,0.23272727272727273,0.19480519480519481,0.19642857142857142,2
620,0.0,True,False,0,granite41_8b,0.9301060338298409,0,0,0,0.2,0.95,0.1,0.0,0.21030042918454936,0.0,1
621,0.2,True,False,0,gemma4_e4b,0.8440629815100154,0,0,0,0.95,0.95,1.0,0.22676579925650558,0.22746781115879827,0.4322033898305085,7
622,,False,True,0,granite41_8b,0.9694664744051911,0,0,0,0.2,0.92,0.3,0.0,0.09210526315789473,0.0,9
623,0.5,True,False,0,gemma4_e4b,0.927185960591133,0,0,0,0.95,0.95,0.95,0.23272727272727273,0.19480519480519481,0.19642857142857142,2
624,0.6666666666666666,True,False,0,gemma4_e4b,0.832572298325723,1,1,0,1.0,0.98,1.0,0.52,0.3712121212121212,0.45267489711934156,9
625,1.0,True,False,0,gemma4_e4b,0.8507925897631781,0,1,0,0.95,0.95,1.0,0.23880597014925373,0.2079646017699115,0.42016806722689076,8
626,1.0,True,False,1,gemma4_e4b,0.8444444444444444,1,0,1,0.95,0.95,1.0,0.21851851851851853,0.21030042918454936,0.41975308641975306,1
627,0.3333333333333333,True,True,0,qwen35_9b,0.987396658380066,0,0,0,0.75,0.1,0.3,0.04081632653061224,0.0,0.0,0
628,0.0,True,False,0,qwen35_9b,0.9291118077324974,0,0,0,0.95,0.92,0.7,0.23272727272727273,0.08974358974358974,0.08771929824561403,2
629,0.1111111111111111,True,False,0,gemma4_e4b,0.8395633248117184,0,0,0,0.95,0.95,1.0,0.23741007194244604,0.20425531914893616,0.43902439024390244,0
630,0.3333333333333333,True,False,0,gemma4_e4b,0.8507925897631781,0,0,0,0.95,0.92,1.0,0.23880597014925373,0.10126582278481013,0.42016806722689076,8
631,0.0,True,False,0,granite41_8b,0.9334578988608282,0,0,0,0.5,0.95,0.3,0.0,0.20425531914893616,0.0,6
632,0.5,True,False,0,gemma4_e4b,0.8350017101812792,0,0,0,0.95,0.95,1.0,0.21323529411764705,0.20353982300884957,0.44081632653061226,3
633,0.14285714285714285,True,False,1,gemma4_e4b,0.8350017101812792,0,0,1,0.85,0.98,1.0,0.045454545454545456,0.3851851851851852,0.44081632653061226,3
634,0.0,True,False,1,gemma4_e4b,0.8395633248117184,0,0,1,0.95,0.95,1.0,0.23741007194244604,0.20425531914893616,0.43902439024390244,0
635,0.0,True,False,0,granite41_8b,0.8841674535725528,0,0,0,0.95,0.98,0.95,0.23741007194244604,0.35555555555555557,0.15178571428571427,5
636,1.0,True,False,0,gemma4_e4b,0.8566964955256711,0,1,0,0.95,0.98,1.0,0.22743682310469315,0.3458646616541353,0.4066390041493776,4
637,1.0,True,False,0,qwen35_9b,0.929439780783785,0,0,0,0.95,0.95,0.95,0.22743682310469315,0.20425531914893616,0.15254237288135594,4
638,,False,False,1,granite41_8b,0.9306372670193306,0,1,0,0.3,0.95,0.1,0.0,0.20353982300884957,0.0,3
639,1.0,True,False,0,granite41_8b,0.9218079399141631,0,0,0,0.65,0.95,0.3,0.0392156862745098,0.22746781115879827,0.0,7
640,,False,True,0,gemma4_e4b,1.0,0,0,0,0.3,0.0,0.3,0.0,0.0,0.0,3
641,,False,False,0,granite41_8b,0.9301060338298409,0,0,0,0.3,0.95,0.3,0.0,0.21030042918454936,0.0,1
642,0.0,True,False,0,gemma4_e4b,0.8440629815100154,1,0,0,0.95,0.95,1.0,0.22676579925650558,0.22746781115879827,0.4322033898305085,7
643,0.0,True,False,1,gemma4_e4b,0.832572298325723,1,1,1,0.95,0.95,1.0,0.24621212121212122,0.2076271186440678,0.45267489711934156,9
644,0.0,True,False,0,granite41_8b,0.9310945911304793,0,0,0,0.85,0.95,0.9,0.05660377358490566,0.20425531914893616,0.1206896551724138,4
645,0.25,True,False,0,gemma4_e4b,0.8705493643343143,0,0,0,0.95,0.95,0.98,0.21323529411764705,0.20353982300884957,0.3458457281217572,3
646,0.0,True,True,1,granite41_8b,0.936744290192566,0,1,0,0.7,0.95,0.3,0.061224489795918366,0.19480519480519481,0.0,2
647,0.0,True,False,1,qwen35_9b,0.9266920741027574,1,0,1,0.95,0.95,0.95,0.23741007194244604,0.20425531914893616,0.15178571428571427,6
648,,False,False,0,granite41_8b,0.9306372670193306,0,0,0,0.3,0.95,0.6,0.0,0.20353982300884957,0.08888888888888889,3
649,,False,True,0,gemma4_e4b,0.9729304375196727,0,0,0,0.7,0.6,0.5,0.04081632653061224,0.06593406593406594,0.07407407407407407,0
650,,False,False,0,granite41_8b,0.9285121681415929,0,0,0,0.4,0.95,0.5,0.0,0.2079646017699115,0.08620689655172414,8
651,0.0,True,False,0,gemma4_e4b,0.8440629815100154,0,0,0,0.9,0.95,1.0,0.22676579925650558,0.22746781115879827,0.4322033898305085,7
652,0.5,True,True,0,granite41_8b,0.965015479876161,0,0,0,0.0,0.92,0.7,0.0,0.10526315789473684,0.09090909090909091,1
653,0.0,True,False,0,granite41_8b,0.8841674535725528,0,0,0,0.95,0.98,0.95,0.23741007194244604,0.35555555555555557,0.15178571428571427,6
654,,False,True,0,qwen35_9b,0.9350871459694989,0,0,0,0.9,0.2,0.1,0.21851851851851853,0.058823529411764705,0.0,1
655,0.5,True,True,0,gemma4_e4b,1.0,0,0,0,0.0,0.1,0.1,0.0,0.0,0.0,0
656,0.4,True,False,0,gemma4_e4b,0.832572298325723,0,1,0,0.95,0.95,1.0,0.24621212121212122,0.2076271186440678,0.45267489711934156,9
657,0.5,True,False,1,qwen35_9b,0.839093137254902,1,0,0,1.0,0.98,1.0,0.5416666666666666,0.3230769230769231,0.41975308641975306,1
658,0.0,True,False,0,granite41_8b,0.9306372670193306,0,0,0,0.3,0.95,0.5,0.0,0.20353982300884957,0.0,3
659,0.0,True,True,0,gemma4_e4b,0.9445315661675435,0,0,0,0.85,0.0,0.9,0.04081632653061224,0.0,0.15178571428571427,0
660,0.3333333333333333,True,True,0,granite41_8b,0.9651898734177216,0,0,0,0.75,0.92,0.2,0.057692307692307696,0.10126582278481013,0.0,8
661,0.0,True,False,0,granite41_8b,0.8743003731343284,0,0,0,0.65,0.98,0.6,0.0392156862745098,0.3656716417910448,0.0851063829787234,7
662,0.5,True,False,0,qwen35_9b,0.84061004784689,0,0,0,1.0,0.95,1.0,0.5394736842105263,0.22746781115879827,0.4322033898305085,7
663,0.5,True,False,1,gemma4_e4b,0.8395633248117184,0,0,1,0.95,0.98,1.0,0.23741007194244604,0.35555555555555557,0.43902439024390244,6
664,1.0,True,False,1,gemma4_e4b,0.8444444444444444,1,1,1,0.95,0.95,1.0,0.21851851851851853,0.21030042918454936,0.41975308641975306,1
665,1.0,True,False,0,granite41_8b,0.9334578988608282,0,0,0,0.85,0.95,0.95,0.04081632653061224,0.20425531914893616,0.15178571428571427,5
666,0.3333333333333333,True,False,0,qwen35_9b,0.9266920741027574,0,0,0,0.9,0.95,0.8,0.23741007194244604,0.20425531914893616,0.07407407407407407,5
667,0.5,True,False,0,qwen35_9b,0.8383251315119633,0,0,0,1.0,0.0,0.95,0.5211267605633803,0.0,0.15254237288135594,4
668,0.6666666666666666,True,False,1,gemma4_e4b,0.8395633248117184,0,1,1,0.95,0.98,1.0,0.23741007194244604,0.35555555555555557,0.43902439024390244,0
669,0.0,True,False,0,granite41_8b,0.9334578988608282,0,0,0,0.4,0.95,0.2,0.0,0.20425531914893616,0.0,5
670,0.0,True,True,0,granite41_8b,0.9785200635058992,0,0,0,0.7,0.92,0.1,0.04081632653061224,0.06593406593406594,0.0,6
671,0.0,True,False,1,gemma4_e4b,0.8566964955256711,1,1,1,0.95,0.95,1.0,0.22743682310469315,0.20425531914893616,0.4066390041493776,4
672,,False,False,0,gemma4_e4b,0.832572298325723,0,0,0,0.95,0.92,1.0,0.24621212121212122,0.09210526315789473,0.45267489711934156,9
673,0.0,True,False,1,qwen35_9b,0.8350095785440612,1,1,0,1.0,0.95,1.0,0.5416666666666666,0.19480519480519481,0.4251012145748988,2
674,1.0,True,False,0,granite41_8b,0.8769406392694064,0,0,0,0.95,0.98,0.95,0.24621212121212122,0.3712121212121212,0.1896551724137931,9
675,0.6666666666666666,True,False,0,qwen35_9b,0.8385210803689065,0,0,1,1.0,0.95,1.0,0.5362318840579711,0.2079646017699115,0.42016806722689076,8
676,0.5,True,False,0,granite41_8b,0.9311701880659392,0,0,0,0.7,0.95,0.9,0.06,0.2076271186440678,0.17543859649122806,9
677,0.3333333333333333,True,False,0,gemma4_e4b,0.8507925897631781,0,0,0,0.95,0.95,1.0,0.23880597014925373,0.2079646017699115,0.42016806722689076,8
678,1.0,True,False,0,gemma4_e4b,0.8566964955256711,0,0,0,0.95,0.98,1.0,0.22743682310469315,0.3458646616541353,0.4066390041493776,4
679,1.0,True,False,0,granite41_8b,0.8769406392694064,0,0,0,0.95,0.98,0.95,0.24621212121212122,0.3712121212121212,0.1896551724137931,9
680,1.0,True,False,1,qwen35_9b,0.8485255639629447,1,0,0,1.0,0.98,0.9,0.5316455696202531,0.3851851851851852,0.18181818181818182,3
681,,False,False,0,granite41_8b,0.9310945911304793,0,0,1,0.1,0.95,0.9,0.0,0.20425531914893616,0.1206896551724138,4
682,1.0,True,False,1,granite41_8b,0.8035714285714286,0,1,0,1.0,1.0,1.0,0.5394736842105263,0.5714285714285714,0.4322033898305085,7
683,0.6666666666666666,True,False,0,granite41_8b,0.79375,0,0,1,0.95,0.99,1.0,0.23880597014925373,0.6,0.42016806722689076,8
684,1.0,True,False,1,granite41_8b,0.8371104815864023,1,1,1,0.95,0.99,1.0,0.23741007194244604,0.5,0.43902439024390244,0
685,1.0,True,False,0,gemma4_e4b,0.8440629815100154,0,0,0,0.95,0.98,1.0,0.22676579925650558,0.3656716417910448,0.4322033898305085,7
686,0.0,True,False,0,qwen35_9b,0.9264736405147365,0,0,0,0.95,0.95,0.9,0.24621212121212122,0.2076271186440678,0.17543859649122806,9
687,,False,False,0,granite41_8b,0.9334578988608282,0,0,0,0.6,0.95,0.3,0.0,0.20425531914893616,0.0,6
688,1.0,True,False,0,qwen35_9b,0.8383251315119633,0,0,1,1.0,0.98,1.0,0.5211267605633803,0.3458646616541353,0.4066390041493776,4
689,1.0,True,False,0,gemma4_e4b,0.8395633248117184,0,1,0,0.95,0.98,1.0,0.23741007194244604,0.35555555555555557,0.43902439024390244,0
690,1.0,True,False,0,qwen35_9b,0.9266920741027574,0,0,0,0.95,0.95,0.8,0.23741007194244604,0.20425531914893616,0.07407407407407407,5
691,1.0,True,False,1,gemma4_e4b,0.8440629815100154,1,0,1,0.95,0.98,1.0,0.22676579925650558,0.3656716417910448,0.4322033898305085,7
692,1.0,True,False,1,qwen35_9b,0.8350095785440612,1,1,0,1.0,0.99,1.0,0.5416666666666666,0.5,0.4251012145748988,2
693,1.0,True,False,0,granite41_8b,0.7975903614457831,0,0,0,0.95,1.0,1.0,0.22743682310469315,0.6,0.4066390041493776,4
694,1.0,True,False,0,granite41_8b,0.7995399277029247,1,0,0,1.0,0.99,1.0,0.5316455696202531,0.5882352941176471,0.44081632653061226,3
695,1.0,True,False,1,gemma4_e4b,0.8395633248117184,0,0,1,0.95,0.98,1.0,0.23741007194244604,0.35555555555555557,0.43902439024390244,6
696,1.0,True,False,0,qwen35_9b,0.8289181532807595,0,0,0,1.0,0.0,1.0,0.5540540540540541,0.0,0.43902439024390244,6
697,1.0,True,False,1,qwen35_9b,0.8385210803689065,1,1,1,1.0,0.98,1.0,0.5362318840579711,0.375,0.42016806722689076,8
698,0.5,True,False,1,gemma4_e4b,0.8395633248117184,1,0,1,0.95,0.95,1.0,0.23741007194244604,0.20425531914893616,0.43902439024390244,5
699,0.3333333333333333,True,True,0,gemma4_e4b,0.9445315661675435,0,1,0,0.85,0.92,0.9,0.04081632653061224,0.06593406593406594,0.15178571428571427,5
700,0.0,True,True,0,granite41_8b,0.936744290192566,0,0,0,0.6,0.95,0.9,0.0,0.19480519480519481,0.1509433962264151,2
701,,False,False,0,gemma4_e4b,0.8395633248117184,0,0,0,0.95,0.98,1.0,0.23741007194244604,0.35555555555555557,0.43902439024390244,0
702,0.3333333333333333,True,False,0,granite41_8b,0.9301060338298409,0,0,0,0.95,0.95,0.95,0.21851851851851853,0.21030042918454936,0.16666666666666666,1
703,0.75,True,False,0,qwen35_9b,0.9266920741027574,0,0,0,0.95,0.92,0.8,0.23741007194244604,0.06593406593406594,0.07407407407407407,6
704,0.5,True,False,0,granite41_8b,0.9301060338298409,0,0,0,0.95,0.95,0.9,0.21851851851851853,0.21030042918454936,0.16666666666666666,1
705,1.0,True,False,0,granite41_8b,0.9218079399141631,0,0,0,0.95,0.95,0.95,0.22676579925650558,0.22746781115879827,0.1864406779661017,7
706,0.5,True,False,0,gemma4_e4b,0.8395633248117184,0,0,0,0.95,0.98,1.0,0.23741007194244604,0.35555555555555557,0.43902439024390244,5
707,1.0,True,False,0,granite41_8b,0.9306372670193306,0,0,0,0.7,0.95,0.1,0.045454545454545456,0.20353982300884957,0.0,3
708,0.25,True,False,0,gemma4_e4b,0.8440629815100154,0,0,0,0.95,0.95,1.0,0.22676579925650558,0.22746781115879827,0.4322033898305085,7
709,0.6666666666666666,True,False,0,gemma4_e4b,0.8424193773558565,1,1,0,0.95,0.98,1.0,0.23272727272727273,0.35294117647058826,0.4251012145748988,2
710,1.0,True,False,0,qwen35_9b,0.9266920741027574,0,0,0,0.95,0.95,0.95,0.23741007194244604,0.20425531914893616,0.15178571428571427,0
711,0.0,True,False,0,gemma4_e4b,0.8444444444444444,0,0,0,0.2,0.95,1.0,0.0,0.21030042918454936,0.41975308641975306,1
712,0.0,True,True,0,granite41_8b,0.965015479876161,0,0,0,0.2,0.85,0.1,0.0,0.10526315789473684,0.0,1
713,0.0,True,False,0,granite41_8b,0.9310945911304793,0,0,0,0.3,0.95,0.7,0.0,0.20425531914893616,0.05555555555555555,4
714,0.6666666666666666,True,False,0,gemma4_e4b,0.8440629815100154,0,1,0,0.95,0.98,1.0,0.22676579925650558,0.3656716417910448,0.4322033898305085,7
715,1.0,True,False,0,granite41_8b,0.9301060338298409,0,0,0,0.3,0.95,0.8,0.0,0.21030042918454936,0.09090909090909091,1
